,PLAYER_NAME,TEAM_NAME,POSITION,HEIGHT,WEIGHT,COUNTRY,BIRTHDATE,SEASON_EXP,DRAFT_NUMBER,GP,MIN,PTS,REB,AST,STL,BLK,SALARY,AGE
1630173.0,Precious Achiuwa,Raptors,Forward,207.26,102.06,Nigeria,1999-09-19,1,20,134,18.4,7.2,5.1,0.8,0.4,0.5,2711280,"22 years, 7 months, 6 days"
203500.0,Steven Adams,Grizzlies,Center,186.23,120.2,New Zealand,1993-07-20,8,12,664,26.8,9.3,8.0,1.5,0.9,0.9,17073171,"28 years, 9 months, 8 days"
1628389.0,Bam Adebayo,Heat,Center,210.31,115.67,USA,1997-07-18,4,14,343,28.2,13.5,8.3,3.5,1.0,0.9,28103550,"24 years, 9 months, 9 days"
1630583.0,Santi Aldama,Grizzlies,Forward,186.23,97.52,Spain,2001-01-10,0,30,32,11.2,4.1,2.7,0.7,0.2,0.3,1994520,"21 years, 3 months, 14 days"
200746.0,LaMarcus Aldridge,Nets,Center,186.23,113.4,USA,1985-07-19,15,2,1076,33.7,19.1,8.1,1.9,0.7,1.1,2641691,"36 years, 9 months, 11 days"
1629638.0,Nickeil Alexander-Walker,Jazz,Guard,198.12,92.99,Canada,1998-09-02,2,17,158,19.4,9.3,2.6,2.2,0.7,0.3,3261480,"23 years, 7 months, 23 days"
1628960.0,Grayson Allen,Bucks,Guard,195.07,89.81,USA,1995-10-08,3,21,192,21.9,9.4,2.6,1.5,0.6,0.2,4054695,"26 years, 6 months, 19 days"
1628386.0,Jarrett Allen,Cavaliers,Center,185.93,110.22,USA,1998-04-21,4,22,341,26.6,11.6,8.7,1.4,0.5,1.4,20000000,"24 years, 0 months, 5 days"
1630631.0,Jose Alvarado,Pelicans,Guard,182.88,81.19,USA,1998-04-12,0,Undrafted,54,15.4,6.1,1.9,2.8,1.3,0.1,1500000,"24 years, 0 months, 14 days"
203937.0,Kyle Anderson,Grizzlies,Forward,210.31,104.33,USA,1993-09-20,7,30,505,21.0,6.7,4.4,2.3,1.0,0.6,9937150,"28 years, 7 months, 6 days"
203507.0,Giannis Antetokounmpo,Bucks,Forward,186.23,109.77,Greece,1994-12-06,8,15,656,32.6,21.8,9.4,4.6,1.2,1.3,39344970,"27 years, 4 months, 21 days"
203648.0,Thanasis Antetokounmpo,Bucks,Forward,201.17,99.34,Greece,1992-07-18,6,51,127,9.1,3.1,2.0,0.7,0.4,0.2,1729217,"29 years, 9 months, 10 days"
2546.0,Carmelo Anthony,Lakers,Forward,204.22,107.96,USA,1984-05-29,18,3,1260,34.5,22.5,6.2,2.7,1.0,0.5,2641691,"37 years, 11 months, 1 days"
1630175.0,Cole Anthony,Magic,Guard,192.02,83.91,USA,2000-05-15,1,15,112,29.8,14.9,5.1,5.0,0.7,0.3,3449400,"21 years, 11 months, 11 days"
1628384.0,OG Anunoby,Raptors,Forward,204.22,105.23,United Kingdom,1997-07-17,4,23,301,26.8,10.4,4.1,1.4,1.1,0.5,16071429,"24 years, 9 months, 10 days"
1627853.0,Ryan Arcidiacono,Bulls,Guard,192.02,88.45,USA,1994-03-26,4,Undrafted,217,17.2,4.6,2.0,2.1,0.5,0.0,586136,"28 years, 1 months, 2 days"
201571.0,D.J. Augustin,Lakers,Guard,155.75,83.01,USA,1987-11-10,13,9,976,23.4,9.5,1.8,3.9,0.6,0.0,7622467,"34 years, 5 months, 18 days"
1630166.0,Deni Avdija,Wizards,Forward,210.31,95.25,Israel,2001-01-03,1,9,136,23.8,7.6,5.1,1.7,0.7,0.4,4692840,"21 years, 3 months, 21 days"
1629028.0,Deandre Ayton,Suns,Center,186.23,113.4,Bahamas,1998-07-23,3,1,236,30.7,16.3,10.5,1.6,0.7,1.0,12632950,"23 years, 9 months, 4 days"
1628962.0,Udoka Azubuike,Jazz,Center,213.36,122.47,Nigeria,1999-09-17,1,27,32,7.9,3.0,2.6,0.0,0.1,0.5,2075880,"22 years, 7 months, 8 days"
1628963.0,Marvin Bagley,Pistons,Forward,186.23,106.59,USA,1999-03-14,3,2,166,25.1,13.6,7.4,0.9,0.5,0.7,11312114,"23 years, 1 months, 13 days"
1630163.0,LaMelo Ball,Hornets,Guard,204.22,81.65,USA,2001-08-22,1,3,126,30.9,18.3,6.4,7.0,1.6,0.4,8231760,"20 years, 8 months, 3 days"
1628366.0,Lonzo Ball,Bulls,Guard,201.17,86.18,USA,1997-10-27,4,2,252,32.5,11.9,5.7,6.2,1.6,0.6,18604651,"24 years, 5 months, 29 days"
1628964.0,Mo Bamba,Magic,Center,213.36,104.78,USA,1998-05-12,3,6,226,18.6,7.7,6.1,0.9,0.4,1.4,7568742,"23 years, 11 months, 15 days"
1630217.0,Desmond Bane,Grizzlies,Guard,198.12,97.52,USA,1998-06-25,1,30,144,26.3,14.0,3.8,2.3,0.9,0.3,2033160,"23 years, 10 months, 1 days"
1630625.0,Dalano Banton,Raptors,Forward,204.22,92.53,Canada,1999-11-07,0,46,64,10.9,3.2,1.9,1.5,0.4,0.2,925258,"22 years, 5 months, 18 days"
203084.0,Harrison Barnes,Kings,Forward,207.26,102.06,USA,1992-05-30,9,7,747,31.8,14.1,5.1,1.8,0.7,0.2,20284091,"29 years, 10 months, 28 days"
1630567.0,Scottie Barnes,Raptors,Forward,204.22,102.06,USA,2001-08-01,0,4,74,35.4,15.3,7.5,3.5,1.1,0.7,7280520,"20 years, 8 months, 24 days"
1629628.0,RJ Barrett,Knicks,Forward,201.17,97.07,Canada,2000-06-14,2,3,198,33.5,17.5,5.6,2.9,0.8,0.3,8623920,"21 years, 10 months, 11 days"
203115.0,Will Barton,Nuggets,Guard,198.12,82.1,USA,1991-01-06,9,40,623,25.9,11.6,4.3,2.7,0.8,0.4,15384615,"31 years, 3 months, 21 days"
1629646.0,Charles Bassey,76ers,Center,210.31,104.33,Nigeria,2000-10-28,0,53,23,7.3,3.0,2.7,0.3,0.2,0.7,925258,"21 years, 5 months, 27 days"
1628966.0,Keita Bates-Diop,Spurs,Forward,207.26,103.87,USA,1996-01-23,3,48,163,15.0,5.2,3.0,0.6,0.5,0.3,1729217,"26 years, 3 months, 3 days"
201587.0,Nicolas Batum,Clippers,Guard,207.26,104.33,France,1988-12-14,13,25,915,30.6,11.1,5.1,3.5,1.0,0.6,12213507,"33 years, 4 months, 14 days"
203145.0,Kent Bazemore,Lakers,Guard,195.07,88.45,USA,1989-07-01,9,Undrafted,657,20.6,8.2,3.2,1.8,1.0,0.5,2401537,"32 years, 9 months, 27 days"
1629647.0,Darius Bazley,Thunder,Forward,207.26,94.35,USA,2000-06-12,2,23,185,25.8,10.0,5.8,1.3,0.6,0.7,2513040,"21 years, 10 months, 13 days"
203078.0,Bradley Beal,Wizards,Guard,195.07,93.89,USA,1993-06-28,9,3,645,34.8,22.1,4.1,4.2,1.1,0.4,34502130,"28 years, 9 months, 29 days"
1627736.0,Malik Beasley,Timberwolves,Guard,195.07,84.82,USA,1996-11-26,5,19,336,20.9,10.4,2.5,1.2,0.6,0.1,14391964,"25 years, 4 months, 29 days"
202722.0,Davis Bertans,Mavericks,Forward,185.93,102.06,Latvia,1992-11-12,5,42,387,19.1,8.2,2.7,1.0,0.4,0.4,16000000,"29 years, 5 months, 14 days"
201976.0,Patrick Beverley,Timberwolves,Guard,185.93,81.65,USA,1988-07-12,9,42,526,27.4,8.8,4.3,3.5,1.1,0.5,14320988,"33 years, 9 months, 17 days"
1630180.0,Saddiq Bey,Pistons,Forward,204.22,97.52,USA,1999-04-09,1,19,152,30.4,14.3,5.0,2.2,0.8,0.2,2824320,"23 years, 0 months, 17 days"
203920.0,Khem Birch,Raptors,Center,210.31,105.69,Canada,1992-09-28,4,Undrafted,262,17.8,5.2,4.6,1.0,0.5,0.6,6350000,"29 years, 6 months, 29 days"
1629048.0,Goga Bitadze,Pacers,Center,213.36,113.4,Georgia,1999-07-20,2,18,149,11.8,5.0,2.9,0.8,0.3,0.9,3098400,"22 years, 9 months, 7 days"
202687.0,Bismack Biyombo,Suns,Center,207.26,115.67,DRC,1992-08-28,10,7,738,19.9,5.2,6.1,0.6,0.3,1.3,1366392,"29 years, 7 months, 29 days"
202357.0,Nemanja Bjelica,Warriors,Forward,210.31,106.14,Serbia,1988-05-09,6,35,449,20.4,7.6,4.6,1.8,0.6,0.4,2089448,"33 years, 11 months, 20 days"
202339.0,Eric Bledsoe,Trail Blazers,Guard,185.93,97.07,USA,1989-12-09,11,18,756,27.8,13.7,3.9,4.7,1.4,0.5,18125000,"32 years, 4 months, 19 days"
203992.0,Bogdan Bogdanovic,Hawks,Guard,201.17,102.06,Serbia,1992-08-18,4,27,316,28.6,14.2,3.4,3.4,1.0,0.2,18000000,"29 years, 8 months, 9 days"
202711.0,Bojan Bogdanovic,Jazz,Forward,204.22,102.51,Croatia,1989-04-18,7,31,603,29.1,15.0,3.6,1.6,0.6,0.1,18700000,"33 years, 0 months, 10 days"
1629626.0,Bol Bol,Magic,Center,219.46,99.79,Sudan,1999-11-16,2,44,53,6.2,2.7,1.2,0.3,0.1,0.3,2161152,"22 years, 5 months, 9 days"
1630195.0,Leandro Bolmaro,Timberwolves,Forward,201.17,90.72,Argentina,2000-09-11,0,23,35,6.9,1.4,1.2,0.6,0.2,0.0,2353320,"21 years, 7 months, 13 days"
1629067.0,Isaac Bonga,Raptors,Guard,207.26,81.65,Germany,1999-11-08,3,39,143,13.1,3.1,2.2,0.8,0.5,0.3,1729217,"22 years, 5 months, 17 days"
1626164.0,Devin Booker,Suns,Guard,198.12,93.44,USA,1996-10-30,6,13,477,33.7,23.5,3.9,4.7,0.8,0.3,31610000,"25 years, 5 months, 26 days"
1630527.0,Brandon Boston,Clippers,Guard,201.17,85.28,USA,2001-11-28,0,51,51,14.9,6.7,2.2,1.0,0.5,0.3,925258,"20 years, 4 months, 26 days"
1628449.0,Chris Boucher,Raptors,Forward,210.31,90.72,Saint Lucia,1993-01-11,4,Undrafted,231,17.9,9.0,5.3,0.5,0.5,1.2,7009615,"29 years, 3 months, 15 days"
1630547.0,James Bouknight,Hornets,Guard,195.07,86.18,USA,2000-09-18,0,11,31,9.8,4.6,1.7,0.8,0.2,0.0,4154400,"21 years, 7 months, 6 days"
202340.0,Avery Bradley,Lakers,Guard,192.02,81.65,USA,1990-11-26,11,19,660,27.5,11.0,2.8,1.7,1.0,0.2,2641691,"31 years, 5 months, 1 days"
1628396.0,Tony Bradley,Bulls,Center,185.93,112.49,USA,1998-01-08,4,28,167,11.7,4.6,4.3,0.5,0.2,0.6,1789256,"24 years, 3 months, 17 days"
1628969.0,Mikal Bridges,Suns,Forward,201.17,94.8,USA,1996-08-30,3,10,309,31.3,11.3,3.9,2.1,1.3,0.6,5557725,"25 years, 7 months, 26 days"
1628970.0,Miles Bridges,Hornets,Forward,204.22,102.06,USA,1998-03-21,3,12,291,29.1,13.4,5.6,2.3,0.7,0.7,5421493,"24 years, 1 months, 6 days"
1629052.0,Oshae Brissett,Pacers,Forward,204.22,95.25,Canada,1998-06-20,2,Undrafted,107,20.7,8.2,4.7,0.9,0.6,0.5,1701593,"23 years, 10 months, 6 days"
1627763.0,Malcolm Brogdon,Pacers,Guard,198.12,103.87,USA,1992-12-11,5,36,333,30.2,15.5,4.2,4.8,0.9,0.2,21700000,"29 years, 4 months, 16 days"
1629717.0,Armoni Brooks,Raptors,Guard,192.02,88.45,USA,1998-06-05,1,,74,18.4,6.9,2.3,1.2,0.5,0.2,1625991,"23 years, 10 months, 21 days"
1628415.0,Dillon Brooks,Grizzlies,Guard,204.22,102.06,Canada,1996-01-22,4,45,272,28.2,14.5,3.0,2.0,1.0,0.3,12200000,"26 years, 3 months, 4 days"
1628971.0,Bruce Brown,Nets,Guard,195.07,91.63,USA,1996-08-15,3,42,269,23.5,7.6,4.3,2.1,0.9,0.5,4736102,"25 years, 8 months, 11 days"
1627759.0,Jaylen Brown,Celtics,Guard,201.17,101.15,USA,1996-10-24,5,3,403,28.7,16.5,4.9,2.0,0.9,0.4,24830357,"25 years, 6 months, 2 days"
1629650.0,Moses Brown,Cavaliers,Center,219.46,111.13,USA,1999-10-13,2,Undrafted,92,14.1,6.0,5.8,0.1,0.4,0.7,1720779,"22 years, 6 months, 13 days"
1628425.0,Sterling Brown,Mavericks,Guard,198.12,99.34,USA,1995-02-10,4,46,264,16.8,5.4,3.3,1.0,0.5,0.2,3000000,"27 years, 2 months, 15 days"
1630535.0,Greg Brown,Trail Blazers,Forward,204.22,93.44,USA,2001-09-01,0,43,48,13.3,4.7,2.8,0.7,0.5,0.5,925258,"20 years, 7 months, 23 days"
1629718.0,Charlie Brown,76ers,Guard,201.17,90.26,USA,1997-02-02,2,Undrafted,41,9.0,2.2,1.3,0.4,0.4,0.2,0,"25 years, 2 months, 22 days"
1630602.0,Chaundee Brown,Hawks,Forward,198.12,97.52,USA,1998-12-04,0,Undrafted,5,20.7,6.2,3.2,0.8,0.4,0.0,0,"23 years, 4 months, 22 days"
1628972.0,Troy Brown,Bulls,Guard,201.17,97.52,USA,1999-07-28,3,15,221,18.5,6.4,3.8,1.6,0.7,0.1,5170564,"22 years, 8 months, 29 days"
1628973.0,Jalen Brunson,Mavericks,Guard,185.93,86.18,USA,1996-08-31,3,33,277,24.7,11.9,3.0,3.7,0.6,0.0,1802057,"25 years, 7 months, 25 days"
1628418.0,Thomas Bryant,Wizards,Center,185.93,112.49,USA,1997-07-31,4,42,170,20.1,10.2,5.7,1.3,0.4,0.9,8730159,"24 years, 8 months, 26 days"
203493.0,Reggie Bullock,Mavericks,Guard,201.17,92.99,USA,1991-03-16,8,25,434,22.5,7.8,2.5,1.2,0.6,0.1,9536000,"31 years, 1 months, 13 days"
203504.0,Trey Burke,Mavericks,Guard,182.88,83.91,USA,1992-11-12,8,9,498,20.9,9.6,1.8,3.1,0.6,0.1,3333333,"29 years, 5 months, 14 days"
202692.0,Alec Burks,Knicks,Guard,201.17,97.07,USA,1991-07-20,10,12,625,23.0,10.6,3.5,2.0,0.7,0.2,9536000,"30 years, 9 months, 9 days"
1630215.0,Jared Butler,Jazz,Guard,192.02,87.54,USA,2000-08-25,0,40,42,8.6,3.8,1.1,1.5,0.4,0.2,925258,"21 years, 8 months, 0 days"
202710.0,Jimmy Butler,Heat,Forward,204.22,104.33,USA,1989-09-14,10,30,690,33.1,17.7,5.3,4.1,1.6,0.5,36016200,"32 years, 7 months, 13 days"
1629719.0,Devontae Cacok,Spurs,Forward,204.22,108.86,USA,1996-10-08,2,Undrafted,36,6.3,2.5,2.2,0.2,0.4,0.3,364533,"25 years, 6 months, 18 days"
203484.0,Kentavious Caldwell-Pope,Wizards,Guard,198.12,92.53,USA,1993-02-18,8,8,683,29.2,11.6,3.1,1.7,1.1,0.2,13038862,"29 years, 2 months, 8 days"
1630267.0,Facundo Campazzo,Nuggets,Guard,155.45,88.45,Argentina,1991-03-23,1,Undrafted,130,20.1,5.6,1.9,3.5,1.1,0.3,3804150,"31 years, 1 months, 6 days"
1628427.0,Vlatko Cancar,Nuggets,Forward,207.26,107.05,Slovenia,1997-04-10,2,49,70,7.2,2.3,1.3,0.5,0.2,0.1,1782621,"25 years, 0 months, 16 days"
1629962.0,Devin Cannady,Magic,Guard,188.98,83.01,USA,1996-05-21,1,,13,16.8,6.5,0.8,0.8,0.8,0.3,100000,"25 years, 11 months, 6 days"
203991.0,Clint Capela,Hawks,Center,185.93,116.12,Switzerland,1994-05-18,7,25,471,26.8,12.4,10.7,1.0,0.7,1.5,17103448,"27 years, 11 months, 10 days"
1630176.0,Vernon Carey,Wizards,Forward,210.31,122.47,USA,2001-02-25,1,32,26,6.1,2.5,1.5,0.1,0.1,0.2,1517981,"21 years, 1 months, 29 days"
1628975.0,Jevon Carter,Bucks,Guard,185.93,90.72,USA,1995-09-14,3,32,223,14.1,4.4,1.7,1.4,0.6,0.2,4107149,"26 years, 7 months, 12 days"
1628976.0,Wendell Carter,Magic,Center,185.93,122.47,USA,1999-04-16,3,7,203,27.5,12.2,8.9,2.0,0.6,0.9,6920027,"23 years, 0 months, 10 days"
1627936.0,Alex Caruso,Bulls,Guard,198.12,84.37,USA,1994-02-28,4,Undrafted,225,20.6,6.2,2.5,2.7,1.1,0.3,8604651,"28 years, 1 months, 28 days"
1627737.0,Marquese Chriss,Mavericks,Forward,210.31,108.86,USA,1997-07-02,5,8,292,18.3,7.6,4.7,1.0,0.6,0.8,958529,"24 years, 9 months, 24 days"
1630528.0,Josh Christopher,Rockets,Guard,192.02,97.52,USA,2001-12-08,0,24,74,18.0,7.9,2.5,2.0,0.9,0.2,2259240,"20 years, 4 months, 17 days"
1629109.0,Gary Clark,Pelicans,Forward,201.17,102.06,USA,1994-11-16,3,Undrafted,170,13.2,3.1,2.5,0.5,0.3,0.4,377645,"27 years, 5 months, 10 days"
1629634.0,Brandon Clarke,Grizzlies,Forward,207.26,97.52,Canada,1996-09-19,2,21,181,21.9,10.9,5.6,1.4,0.7,0.9,2726880,"25 years, 7 months, 6 days"
203903.0,Jordan Clarkson,Jazz,Guard,195.07,88.0,USA,1992-06-07,7,46,600,27.0,15.4,3.3,2.5,0.9,0.1,12420000,"29 years, 10 months, 20 days"
1629651.0,Nic Claxton,Nets,Forward,186.23,97.52,USA,1999-04-17,2,31,94,18.7,7.3,5.0,0.9,0.5,1.1,1782621,"23 years, 0 months, 9 days"
1629599.0,Amir Coffey,Clippers,Guard,204.22,95.25,USA,1997-06-17,2,Undrafted,131,16.2,6.2,2.0,1.2,0.4,0.1,153488,"24 years, 10 months, 9 days"
1628381.0,John Collins,Hawks,Forward,210.31,102.51,USA,1997-09-23,4,19,293,29.0,16.5,8.3,1.6,0.6,1.0,23000000,"24 years, 7 months, 3 days"
1628380.0,Zach Collins,Spurs,Forward,186.23,113.4,USA,1997-11-19,4,10,182,17.5,6.0,4.2,1.1,0.3,0.7,6984127,"24 years, 5 months, 6 days"
201144.0,Mike Conley,Jazz,Guard,185.93,79.38,USA,1987-10-11,14,4,958,32.0,14.8,3.0,5.6,1.4,0.2,21000000,"34 years, 6 months, 18 days"
1626192.0,Pat Connaughton,Bucks,Guard,198.12,94.8,USA,1993-01-06,6,41,417,18.5,5.9,3.3,1.2,0.5,0.3,5333333,"29 years, 3 months, 20 days"
202326.0,DeMarcus Cousins,Nuggets,Center,185.93,122.47,USA,1990-08-13,11,5,654,29.8,19.6,10.2,3.0,1.3,1.1,1290481,"31 years, 8 months, 15 days"
203496.0,Robert Covington,Clippers,Forward,204.22,94.8,USA,1990-12-14,8,Undrafted,537,29.9,11.6,5.8,1.5,1.6,1.0,12975471,"31 years, 4 months, 14 days"
1628470.0,Torrey Craig,Suns,Forward,204.22,100.24,USA,1990-12-19,4,Undrafted,300,18.7,5.7,3.6,0.9,0.5,0.5,4878049,"31 years, 4 months, 9 days"
203109.0,Jae Crowder,Suns,Forward,201.17,106.59,USA,1990-07-06,9,34,735,25.3,9.6,4.3,1.6,1.0,0.3,9720900,"31 years, 9 months, 22 days"
1629633.0,Jarrett Culver,Grizzlies,Guard,201.17,88.45,USA,1999-02-20,2,6,134,17.5,6.6,2.7,1.2,0.7,0.4,6395160,"23 years, 2 months, 5 days"
1630595.0,Cade Cunningham,Pistons,Guard,201.17,99.79,USA,2001-09-25,0,1,64,32.6,17.4,5.5,5.6,1.2,0.7,10050120,"20 years, 7 months, 0 days"
203552.0,Seth Curry,Nets,Guard,188.98,83.91,USA,1990-08-23,8,Undrafted,377,25.2,11.3,2.2,2.2,0.7,0.1,8186047,"31 years, 8 months, 5 days"
201939.0,Stephen Curry,Warriors,Guard,188.98,83.91,USA,1988-03-14,12,7,826,34.3,24.3,4.6,6.5,1.7,0.2,45780966,"34 years, 1 months, 15 days"
203076.0,Anthony Davis,Lakers,Forward,185.93,114.76,USA,1993-03-11,9,1,604,34.4,23.8,10.2,2.3,1.4,2.3,35361360,"29 years, 1 months, 17 days"
202334.0,Ed Davis,Cavaliers,Center,210.31,98.88,USA,1989-06-05,11,13,722,19.1,5.9,6.4,0.7,0.5,0.8,2641691,"32 years, 10 months, 23 days"
1629056.0,Terence Davis,Kings,Guard,195.07,91.17,USA,1997-05-16,2,Undrafted,163,17.3,8.5,3.0,1.5,0.7,0.2,4000000,"24 years, 11 months, 11 days"
201942.0,DeMar DeRozan,Bulls,Guard,201.17,99.79,USA,1989-08-07,12,9,957,34.3,20.8,4.4,3.9,1.0,0.3,26000000,"32 years, 8 months, 21 days"
203473.0,Dewayne Dedmon,Heat,Center,213.36,111.13,USA,1989-08-12,8,Undrafted,477,17.8,6.4,5.9,0.7,0.5,0.8,5256308,"32 years, 8 months, 16 days"
1628978.0,Donte DiVincenzo,Kings,Guard,195.07,92.08,USA,1997-01-31,3,17,201,23.6,9.0,4.6,2.5,1.1,0.2,4675830,"25 years, 2 months, 24 days"
1628977.0,Hamidou Diallo,Pistons,Guard,198.12,91.63,USA,1998-07-31,3,45,207,18.9,8.4,3.9,1.1,0.8,0.3,5200000,"23 years, 8 months, 26 days"
203476.0,Gorgui Dieng,Hawks,Center,185.93,112.49,Senegal,1990-01-18,8,21,597,20.6,7.5,5.7,1.3,0.8,0.9,4000000,"32 years, 3 months, 9 days"
203915.0,Spencer Dinwiddie,Mavericks,Guard,201.17,97.52,USA,1993-04-06,7,38,387,26.4,13.0,3.0,5.0,0.7,0.3,17142857,"29 years, 0 months, 21 days"
1629029.0,Luka Doncic,Mavericks,Forward,204.22,104.33,Slovenia,1999-02-28,3,3,264,33.8,26.4,8.5,8.0,1.1,0.4,10174391,"23 years, 1 months, 27 days"
1629652.0,Luguentz Dort,Thunder,Guard,192.02,97.52,Canada,1999-04-19,2,Undrafted,139,29.0,13.3,3.5,1.5,0.9,0.3,1782621,"23 years, 0 months, 7 days"
1630245.0,Ayo Dosunmu,Bulls,Guard,195.07,90.72,USA,2000-01-17,0,38,77,27.4,8.8,2.8,3.3,0.8,0.4,925258,"22 years, 3 months, 8 days"
201609.0,Goran Dragic,Nets,Guard,192.02,86.18,Slovenia,1986-05-06,13,45,888,27.9,13.7,3.1,4.8,1.0,0.2,20168742,"35 years, 11 months, 24 days"
203083.0,Andre Drummond,Nets,Center,185.93,126.55,USA,1993-08-10,9,9,718,29.6,13.8,13.3,1.4,1.4,1.5,2401537,"28 years, 8 months, 17 days"
1630537.0,Chris Duarte,Pacers,Guard,198.12,86.18,Dominican Republic,1997-06-13,0,13,55,28.0,13.1,4.1,2.1,1.0,0.2,3749520,"24 years, 10 months, 13 days"
201142.0,Kevin Durant,Nets,Forward,185.93,108.86,USA,1988-09-29,14,2,939,36.8,27.2,7.1,4.3,1.1,1.1,40918900,"33 years, 6 months, 29 days"
1630162.0,Anthony Edwards,Timberwolves,Guard,195.07,102.06,USA,2001-08-05,1,1,144,33.2,20.3,4.7,3.4,1.3,0.6,10245480,"20 years, 8 months, 20 days"
1629035.0,Carsen Edwards,Celtics,Guard,155.75,90.72,USA,1998-03-12,2,33,72,9.8,3.7,1.1,0.7,0.3,0.1,76744,"24 years, 1 months, 15 days"
1630556.0,Kessler Edwards,Nets,Forward,204.22,92.08,USA,2000-08-09,0,44,48,20.6,5.9,3.6,0.6,0.6,0.5,5318,"21 years, 8 months, 16 days"
1629604.0,CJ Elleby,Trail Blazers,Forward,201.17,90.72,USA,2000-06-16,1,46,88,15.5,4.6,2.9,1.1,0.5,0.3,1517981,"21 years, 10 months, 9 days"
201961.0,Wayne Ellington,Lakers,Guard,195.07,93.89,USA,1987-11-29,12,28,770,20.9,8.0,2.1,1.1,0.5,0.1,2641691,"34 years, 4 months, 29 days"
203954.0,Joel Embiid,76ers,Center,213.36,127.01,Cameroon,1994-03-16,7,3,328,31.2,26.0,11.4,3.3,0.9,1.7,31579390,"28 years, 1 months, 12 days"
202324.0,Derrick Favors,Thunder,Forward,210.31,120.2,USA,1991-07-15,11,3,790,24.3,10.6,7.1,1.1,0.7,1.2,9720900,"30 years, 9 months, 14 days"
1628981.0,Bruno Fernando,Rockets,Forward,210.31,108.86,Angola,1998-08-15,2,34,119,9.2,3.2,2.8,0.6,0.2,0.3,1782621,"23 years, 8 months, 11 days"
1627827.0,Dorian Finney-Smith,Mavericks,Forward,204.22,99.79,USA,1993-05-04,5,Undrafted,394,27.3,8.2,4.5,1.4,0.8,0.4,4000000,"28 years, 11 months, 24 days"
1630238.0,Malik Fitts,Celtics,Forward,198.12,104.33,USA,1997-07-04,1,Undrafted,18,4.1,1.3,1.1,0.3,0.0,0.0,231062,"24 years, 9 months, 22 days"
1630201.0,Malachi Flynn,Raptors,Guard,185.93,79.38,USA,1998-05-09,1,29,91,16.1,6.0,2.0,2.3,0.6,0.1,2048040,"23 years, 11 months, 18 days"
1630235.0,Trent Forrest,Jazz,Guard,195.07,95.25,USA,1998-06-12,1,Undrafted,90,11.9,3.1,1.6,1.7,0.4,0.1,8558,"23 years, 10 months, 14 days"
203095.0,Evan Fournier,Knicks,Guard,201.17,92.99,France,1992-10-29,9,20,645,28.6,14.3,2.7,2.6,0.9,0.2,18139535,"29 years, 5 months, 28 days"
1628368.0,De'Aaron Fox,Kings,Guard,192.02,83.91,USA,1997-12-20,4,5,322,32.1,19.1,3.5,6.2,1.3,0.4,28103550,"24 years, 4 months, 6 days"
1628365.0,Markelle Fultz,Magic,Guard,195.07,94.8,USA,1998-05-29,4,1,131,24.8,10.9,3.2,4.8,1.1,0.2,16500000,"23 years, 10 months, 28 days"
1629117.0,Wenyen Gabriel,Lakers,Forward,210.31,92.99,South Sudan,1997-03-26,3,Undrafted,77,10.8,3.6,2.6,0.4,0.3,0.3,29814,"25 years, 1 months, 1 days"
1629655.0,Daniel Gafford,Wizards,Forward,210.31,106.14,USA,1998-10-01,2,38,169,16.8,7.6,4.4,0.7,0.4,1.4,1782621,"23 years, 6 months, 25 days"
201568.0,Danilo Gallinari,Hawks,Forward,185.93,107.05,Italy,1988-08-08,13,6,728,29.9,15.6,4.8,1.9,0.7,0.4,20475000,"33 years, 8 months, 20 days"
1629636.0,Darius Garland,Cavaliers,Guard,185.93,87.09,USA,2000-01-26,2,5,181,33.4,17.4,2.6,6.3,1.1,0.1,7040880,"22 years, 2 months, 29 days"
1630586.0,Usman Garuba,Rockets,Forward,207.26,103.87,Spain,2002-03-09,0,23,24,10.0,2.0,3.5,0.7,0.4,0.5,2353320,"20 years, 1 months, 17 days"
1630568.0,Luka Garza,Pistons,Center,185.93,110.22,USA,1998-12-27,0,52,32,12.2,5.8,3.1,0.6,0.3,0.2,925258,"23 years, 3 months, 29 days"
200752.0,Rudy Gay,Jazz,Forward,207.26,113.4,USA,1986-08-17,15,8,1064,31.7,16.3,5.8,2.1,1.1,0.7,5890000,"35 years, 8 months, 12 days"
202331.0,Paul George,Clippers,Forward,207.26,99.79,USA,1990-05-02,11,10,737,33.6,20.4,6.4,3.6,1.7,0.4,39344970,"31 years, 11 months, 27 days"
201959.0,Taj Gibson,Knicks,Forward,210.31,105.23,USA,1985-06-24,12,26,896,24.5,9.0,6.1,1.0,0.6,1.0,4910000,"36 years, 10 months, 5 days"
1630581.0,Josh Giddey,Thunder,Guard,207.26,92.99,Australia,2002-10-10,0,6,54,31.5,12.5,7.8,6.4,0.9,0.4,5988000,"19 years, 6 months, 15 days"
1628983.0,Shai Gilgeous-Alexander,Thunder,Guard,201.17,81.65,Canada,1998-07-12,3,11,243,31.8,18.2,4.5,4.3,1.1,0.7,5495532,"23 years, 9 months, 15 days"
1630264.0,Anthony Gill,Wizards,Forward,204.22,104.33,USA,1992-10-17,1,Undrafted,70,9.7,3.7,1.9,0.5,0.2,0.2,1517981,"29 years, 6 months, 10 days"
203497.0,Rudy Gobert,Jazz,Center,216.41,117.03,France,1992-06-26,8,27,611,30.0,12.4,11.7,1.3,0.7,2.2,35344828,"29 years, 10 months, 1 days"
1629164.0,Brandon Goodwin,Cavaliers,Guard,182.88,81.65,USA,1995-10-02,3,Undrafted,133,12.1,4.7,1.6,1.9,0.4,0.0,0,"26 years, 6 months, 25 days"
203932.0,Aaron Gordon,Nuggets,Forward,207.26,106.59,USA,1995-09-16,7,4,528,28.9,13.0,6.3,2.5,0.7,0.6,16409091,"26 years, 7 months, 10 days"
201569.0,Eric Gordon,Rockets,Guard,192.02,97.52,USA,1988-12-25,13,7,749,32.4,16.4,2.4,2.8,0.9,0.3,18218818,"33 years, 4 months, 3 days"
1628984.0,Devonte' Graham,Pelicans,Guard,185.93,88.45,USA,1995-02-22,3,34,240,27.9,12.8,2.5,5.0,0.9,0.1,11000000,"27 years, 2 months, 4 days"
203924.0,Jerami Grant,Pistons,Forward,207.26,95.25,USA,1994-03-12,7,39,555,26.0,11.4,3.9,1.3,0.6,1.1,20000000,"28 years, 1 months, 16 days"
201980.0,Danny Green,76ers,Guard,201.17,97.52,USA,1987-06-22,12,46,819,25.3,8.7,3.4,1.6,1.0,0.8,10000000,"34 years, 10 months, 7 days"
203110.0,Draymond Green,Warriors,Forward,201.17,104.33,USA,1990-03-04,9,35,685,28.5,8.7,6.9,5.4,1.4,1.0,24026712,"32 years, 1 months, 25 days"
203210.0,JaMychal Green,Nuggets,Forward,207.26,102.97,USA,1990-06-21,7,Undrafted,487,20.8,7.9,5.7,0.9,0.6,0.4,8292683,"31 years, 10 months, 7 days"
1630224.0,Jalen Green,Rockets,Guard,195.07,84.37,USA,2002-02-09,0,2,67,31.9,17.3,3.4,2.6,0.7,0.3,8992200,"20 years, 2 months, 14 days"
1629750.0,Javonte Green,Bulls,Guard,198.12,92.99,USA,1993-07-23,2,Undrafted,154,16.0,5.0,2.9,0.7,0.8,0.3,1669178,"28 years, 9 months, 5 days"
201145.0,Jeff Green,Nuggets,Forward,207.26,106.59,USA,1986-08-28,14,5,1051,29.0,12.6,4.3,1.5,0.7,0.5,4500000,"35 years, 8 months, 1 days"
1630182.0,Josh Green,Mavericks,Guard,198.12,90.72,Australia,2000-11-16,1,18,106,14.0,4.0,2.3,1.0,0.6,0.2,2957520,"21 years, 5 months, 8 days"
201933.0,Blake Griffin,Nets,Forward,210.31,113.4,USA,1989-03-16,12,1,724,32.9,19.8,8.2,4.1,0.8,0.5,32405817,"33 years, 1 months, 13 days"
1629656.0,Quentin Grimes,Knicks,Guard,195.07,95.25,USA,2000-05-08,0,25,46,17.1,6.0,2.0,1.0,0.7,0.2,2168760,"21 years, 11 months, 18 days"
1629060.0,Rui Hachimura,Wizards,Forward,207.26,104.33,Japan,1998-02-08,2,9,147,28.5,13.0,5.2,1.5,0.7,0.2,4916160,"24 years, 2 months, 16 days"
1630169.0,Tyrese Haliburton,Pacers,Guard,198.12,83.91,USA,2000-02-29,1,12,135,32.9,14.3,3.6,6.9,1.6,0.6,4023600,"22 years, 1 months, 26 days"
1630181.0,R.J. Hampton,Magic,Guard,195.07,79.38,USA,2001-02-07,1,24,115,19.9,7.3,3.2,2.1,0.5,0.2,2303040,"21 years, 2 months, 16 days"
203501.0,Tim Hardaway,Mavericks,Guard,198.12,92.99,USA,1992-03-16,8,24,586,27.0,13.9,2.8,1.9,0.6,0.1,21306816,"30 years, 1 months, 12 days"
201935.0,James Harden,76ers,Guard,198.12,99.79,USA,1989-08-26,12,3,942,34.6,24.9,5.6,6.8,1.5,0.5,43848000,"32 years, 8 months, 2 days"
203090.0,Maurice Harkless,Kings,Forward,204.22,99.79,USA,1993-05-11,9,15,621,22.6,6.9,3.5,0.9,0.9,0.6,4347600,"28 years, 11 months, 17 days"
1629607.0,Jared Harper,Pelicans,Guard,155.45,79.38,USA,1997-09-14,2,Undrafted,16,4.2,2.6,0.3,0.9,0.3,0.1,0,"24 years, 7 months, 11 days"
1626149.0,Montrezl Harrell,Hornets,Forward,204.22,108.86,USA,1994-01-26,6,32,458,21.5,12.9,5.3,1.4,0.6,0.8,9720900,"28 years, 3 months, 0 days"
203914.0,Gary Harris,Magic,Guard,195.07,95.25,USA,1994-09-14,7,19,468,28.8,11.8,2.5,2.1,1.2,0.2,20482143,"27 years, 7 months, 12 days"
203925.0,Joe Harris,Nets,Guard,201.17,99.79,USA,1991-09-06,7,33,414,25.6,11.1,3.2,1.6,0.5,0.2,17357143,"30 years, 7 months, 21 days"
202699.0,Tobias Harris,76ers,Forward,204.22,102.51,USA,1992-07-15,10,19,753,31.4,16.4,6.2,2.3,0.7,0.5,36000000,"29 years, 9 months, 13 days"
1628404.0,Josh Hart,Trail Blazers,Guard,198.12,97.52,USA,1995-03-06,4,30,296,27.3,9.9,5.7,2.1,0.9,0.4,12000000,"27 years, 1 months, 22 days"
1628392.0,Isaiah Hartenstein,Clippers,Center,213.36,113.4,Germany,1998-05-05,3,43,165,13.7,5.8,3.9,1.5,0.5,0.8,3430810,"23 years, 11 months, 22 days"
2617.0,Udonis Haslem,Heat,Forward,207.26,106.59,USA,1980-06-09,18,Undrafted,872,24.8,7.5,6.6,0.8,0.5,0.3,2641691,"41 years, 10 months, 21 days"
1630573.0,Sam Hauser,Celtics,Forward,204.22,98.43,USA,1997-12-08,0,Undrafted,26,6.1,2.5,1.1,0.4,0.0,0.1,313737,"24 years, 4 months, 18 days"
1629637.0,Jaxson Hayes,Pelicans,Center,186.23,99.79,USA,2000-05-23,2,8,194,17.7,8.1,4.3,0.7,0.4,0.8,5348280,"21 years, 11 months, 3 days"
1630165.0,Killian Hayes,Pistons,Guard,198.12,88.45,France,2001-07-27,1,7,92,25.2,6.8,3.0,4.5,1.1,0.5,5572680,"20 years, 8 months, 29 days"
202330.0,Gordon Hayward,Hornets,Forward,204.22,102.06,USA,1990-03-23,11,9,734,31.1,15.6,4.5,3.5,1.0,0.4,29900000,"32 years, 1 months, 6 days"
1627823.0,Juancho Hernangomez,Jazz,Forward,210.31,97.07,Spain,1995-09-28,5,15,297,15.7,5.4,3.4,0.6,0.4,0.2,6175440,"26 years, 6 months, 29 days"
1626195.0,Willy Hernangomez,Pelicans,Center,186.23,113.4,Spain,1994-05-27,5,35,306,15.3,7.4,5.9,1.1,0.4,0.4,2327220,"27 years, 11 months, 1 days"
1629639.0,Tyler Herro,Heat,Guard,198.12,88.45,USA,2000-01-20,2,13,175,30.3,16.7,4.7,3.2,0.6,0.2,4004280,"22 years, 3 months, 5 days"
1627741.0,Buddy Hield,Pacers,Guard,195.07,99.79,Bahamas,1992-12-17,5,6,468,29.2,15.9,4.3,2.5,0.8,0.3,22477273,"29 years, 4 months, 10 days"
1629312.0,Haywood Highsmith,Heat,Forward,195.07,99.79,USA,1996-12-09,3,,24,8.5,2.2,1.3,0.3,0.1,0.1,290967,"25 years, 4 months, 17 days"
201588.0,George Hill,Bucks,Guard,195.07,85.28,USA,1986-05-04,13,26,869,27.2,10.7,3.0,3.1,0.9,0.3,4000000,"35 years, 11 months, 26 days"
1630792.0,Malcolm Hill,Bulls,Forward,201.17,99.79,USA,1995-10-26,0,Undrafted,19,11.2,3.8,1.8,0.4,0.4,0.2,0,"26 years, 6 months, 1 days"
1630207.0,Nate Hinton,Pacers,Guard,198.12,95.25,USA,1999-06-08,1,Undrafted,23,4.2,1.8,0.4,0.3,0.3,0.1,0,"22 years, 10 months, 18 days"
1628988.0,Aaron Holiday,Suns,Guard,182.88,83.91,USA,1996-09-30,3,23,245,18.2,7.3,1.8,2.4,0.7,0.2,3980551,"25 years, 6 months, 26 days"
201950.0,Jrue Holiday,Bucks,Guard,192.02,92.99,USA,1990-06-12,12,17,839,33.2,16.2,4.0,6.4,1.5,0.5,30133333,"31 years, 10 months, 16 days"
203200.0,Justin Holiday,Kings,Forward,201.17,81.65,USA,1989-04-05,9,Undrafted,576,24.6,8.7,3.0,1.5,1.0,0.4,6006420,"33 years, 0 months, 23 days"
1626158.0,Richaun Holmes,Kings,Forward,185.93,106.59,USA,1993-10-15,6,37,376,21.1,9.6,5.8,1.1,0.6,1.1,10384500,"28 years, 6 months, 12 days"
203918.0,Rodney Hood,Clippers,Guard,207.26,94.35,USA,1992-10-20,7,23,448,24.5,10.4,2.6,1.6,0.7,0.2,2239544,"29 years, 6 months, 7 days"
201143.0,Al Horford,Celtics,Center,210.31,108.86,Dominican Republic,1986-06-03,14,3,950,32.2,13.7,8.2,3.3,0.8,1.2,27000000,"35 years, 10 months, 26 days"
1629659.0,Talen Horton-Tucker,Lakers,Guard,195.07,106.14,USA,2000-11-25,2,46,131,22.1,9.3,2.8,2.6,1.0,0.4,9500000,"21 years, 4 months, 29 days"
1627863.0,Danuel House,Jazz,Forward,201.17,99.79,USA,1993-06-07,5,Undrafted,204,24.4,8.5,3.6,1.3,0.7,0.4,2045094,"28 years, 10 months, 20 days"
2730.0,Dwight Howard,Lakers,Center,185.93,120.2,USA,1985-12-08,17,1,1242,31.8,15.7,11.8,1.3,0.9,1.8,2641691,"36 years, 4 months, 21 days"
1628989.0,Kevin Huerter,Hawks,Guard,204.22,89.81,USA,1998-08-27,3,19,274,29.6,11.4,3.5,3.2,0.9,0.4,4253357,"23 years, 7 months, 29 days"
1630190.0,Elijah Hughes,Trail Blazers,Guard,198.12,97.52,USA,1998-03-10,1,39,54,9.2,2.9,1.2,0.5,0.3,0.2,1517981,"24 years, 1 months, 17 days"
1630624.0,Feron Hunt,Knicks,Forward,207.26,88.45,USA,1999-07-05,0,Undrafted,2,4.2,0.0,0.5,0.5,0.5,0.0,0,"22 years, 9 months, 21 days"
1629631.0,De'Andre Hunter,Hawks,Forward,207.26,100.24,USA,1997-12-02,2,4,139,30.7,13.2,4.1,1.6,0.7,0.4,7775400,"24 years, 4 months, 23 days"
1630538.0,Bones Hyland,Nuggets,Guard,188.98,76.66,USA,2000-09-14,0,26,69,19.0,10.1,2.7,2.8,0.6,0.3,2096880,"21 years, 7 months, 10 days"
201586.0,Serge Ibaka,Bucks,Forward,185.93,106.59,Republic of the Congo,1989-09-18,12,24,903,27.6,12.1,7.2,0.8,0.4,1.9,9742000,"32 years, 7 months, 9 days"
2738.0,Andre Iguodala,Warriors,Guard,201.17,97.52,USA,1984-01-28,17,9,1223,32.2,11.4,4.9,4.2,1.4,0.5,2641691,"38 years, 3 months, 1 days"
204060.0,Joe Ingles,Trail Blazers,Forward,207.26,99.79,Australia,1987-10-02,7,Undrafted,590,25.7,8.6,3.2,3.8,0.9,0.2,14000000,"34 years, 6 months, 27 days"
1627742.0,Brandon Ingram,Pelicans,Forward,207.26,86.18,USA,1997-09-02,5,2,368,32.8,18.5,5.2,3.8,0.7,0.6,29467800,"24 years, 7 months, 23 days"
202681.0,Kyrie Irving,Nets,Guard,188.98,88.45,Australia,1992-03-23,10,1,611,34.0,23.1,3.8,5.7,1.3,0.4,34916200,"30 years, 1 months, 5 days"
1628371.0,Jonathan Isaac,Magic,Forward,185.93,104.33,USA,1997-10-03,4,6,136,25.8,9.3,5.4,1.1,1.1,1.5,17400000,"24 years, 6 months, 23 days"
1628402.0,Frank Jackson,Pistons,Guard,192.02,92.99,USA,1998-05-04,4,31,213,18.2,8.5,1.8,1.0,0.4,0.1,3000000,"23 years, 11 months, 23 days"
1630543.0,Isaiah Jackson,Pacers,Forward,185.93,92.99,USA,2002-01-10,0,22,36,15.0,8.3,4.1,0.3,0.7,1.4,2451120,"20 years, 3 months, 14 days"
1628367.0,Josh Jackson,Kings,Guard,207.26,93.89,USA,1997-02-10,4,4,291,23.1,11.3,4.0,1.8,0.9,0.6,5005350,"25 years, 2 months, 14 days"
202704.0,Reggie Jackson,Clippers,Guard,188.98,94.35,USA,1990-04-16,10,24,703,25.6,13.1,3.0,4.3,0.7,0.1,10384500,"32 years, 0 months, 12 days"
1628991.0,Jaren Jackson,Grizzlies,Forward,186.23,109.77,USA,1999-09-15,3,4,204,27.1,15.8,5.1,1.2,0.9,1.8,9180560,"22 years, 7 months, 10 days"
2544.0,LeBron James,Lakers,Forward,210.31,113.4,USA,1984-12-30,18,1,1366,38.2,27.1,7.5,7.4,1.6,0.8,41180544,"37 years, 3 months, 29 days"
1629660.0,Ty Jerome,Thunder,Guard,198.12,88.45,USA,1997-07-08,2,24,112,17.1,7.1,1.9,2.4,0.6,0.1,2412840,"24 years, 9 months, 18 days"
1630198.0,Isaiah Joe,76ers,Guard,195.07,74.84,USA,1999-07-02,1,49,96,10.3,3.7,1.0,0.6,0.3,0.1,1517981,"22 years, 9 months, 24 days"
1629661.0,Cameron Johnson,Suns,Forward,207.26,95.25,USA,1996-03-03,2,11,183,24.2,10.4,3.6,1.4,0.7,0.3,4437000,"26 years, 1 months, 24 days"
1630552.0,Jalen Johnson,Hawks,Forward,207.26,99.34,USA,2001-12-18,0,20,22,5.5,2.4,1.2,0.1,0.1,0.1,2659560,"20 years, 4 months, 7 days"
1629640.0,Keldon Johnson,Spurs,Forward,201.17,99.79,USA,1999-10-11,2,29,161,28.9,14.4,5.8,1.8,0.7,0.2,2145720,"22 years, 6 months, 15 days"
1630553.0,Keon Johnson,Trail Blazers,Guard,195.07,83.91,USA,2002-03-10,0,21,37,18.8,7.2,2.2,2.1,0.8,0.3,2553120,"20 years, 1 months, 16 days"
1626169.0,Stanley Johnson,Lakers,Forward,201.17,109.77,USA,1996-05-29,6,8,419,20.1,6.3,3.1,1.5,0.9,0.2,888616,"25 years, 10 months, 28 days"
203999.0,Nikola Jokic,Nuggets,Center,186.23,128.82,Serbia,1995-02-19,6,41,527,30.4,19.7,10.4,6.2,1.2,0.7,30510423,"27 years, 2 months, 7 days"
1627745.0,Damian Jones,Kings,Center,186.23,111.13,USA,1995-06-30,5,30,199,15.2,5.6,3.4,0.8,0.4,0.7,1977011,"26 years, 9 months, 27 days"
1630529.0,Herbert Jones,Pelicans,Forward,204.22,93.44,USA,1998-10-06,0,35,78,29.9,9.5,3.8,2.1,1.7,0.8,1700000,"23 years, 6 months, 20 days"
1630539.0,Kai Jones,Hornets,Center,185.93,100.24,Bahamas,2001-01-19,0,19,21,3.0,1.0,0.5,0.2,0.0,0.1,2770560,"21 years, 3 months, 5 days"
1630200.0,Tre Jones,Spurs,Guard,185.93,83.91,USA,2000-01-08,1,41,106,13.4,4.8,1.7,2.6,0.5,0.1,1517981,"22 years, 3 months, 17 days"
1626145.0,Tyus Jones,Grizzlies,Guard,182.88,88.9,USA,1996-05-10,6,24,455,18.4,6.2,1.8,3.7,1.0,0.1,7522200,"25 years, 11 months, 17 days"
1627884.0,Derrick Jones,Bulls,Forward,201.17,95.25,USA,1997-02-15,5,Undrafted,280,19.8,6.5,3.4,0.7,0.7,0.7,9720900,"25 years, 2 months, 10 days"
201599.0,DeAndre Jordan,76ers,Center,186.23,120.2,USA,1988-07-21,13,35,980,26.7,9.1,10.3,1.0,0.5,1.5,11109327,"33 years, 9 months, 8 days"
202709.0,Cory Joseph,Pistons,Guard,192.02,90.72,Canada,1991-08-20,10,29,728,22.2,7.1,2.6,3.0,0.8,0.2,7310000,"30 years, 8 months, 8 days"
1628379.0,Luke Kennard,Clippers,Guard,198.12,93.44,USA,1996-06-24,4,12,297,23.5,10.0,2.9,2.0,0.5,0.1,12727273,"25 years, 10 months, 2 days"
1630296.0,Braxton Key,Pistons,Forward,207.26,102.06,USA,1997-02-14,0,Undrafted,11,17.9,7.2,4.5,1.0,0.9,1.0,0,"25 years, 2 months, 11 days"
1630557.0,Corey Kispert,Wizards,Forward,201.17,101.6,USA,1999-03-03,0,15,77,23.4,8.2,2.7,1.1,0.5,0.3,3383640,"23 years, 1 months, 24 days"
1628467.0,Maxi Kleber,Mavericks,Forward,185.93,108.86,Germany,1992-01-29,4,Undrafted,326,22.7,7.1,4.8,1.1,0.4,0.9,8750000,"30 years, 2 months, 28 days"
1628995.0,Kevin Knox,Hawks,Forward,204.22,97.52,USA,1999-08-11,3,9,212,18.9,7.7,2.9,0.8,0.4,0.3,5845978,"22 years, 8 months, 15 days"
1629723.0,John Konchar,Grizzlies,Guard,198.12,95.25,USA,1996-03-22,2,Undrafted,134,15.3,4.4,3.8,1.3,0.6,0.3,2197674,"26 years, 1 months, 5 days"
1627788.0,Furkan Korkmaz,76ers,Guard,204.22,91.63,Turkey,1997-07-24,4,26,256,18.7,7.9,2.2,1.3,0.6,0.1,4629630,"24 years, 9 months, 3 days"
1628436.0,Luke Kornet,Celtics,Center,219.46,113.4,USA,1995-07-15,4,Undrafted,148,14.3,5.5,2.6,1.0,0.3,0.8,606702,"26 years, 9 months, 13 days"
1630249.0,Vit Krejci,Thunder,Guard,207.26,88.45,Czech Republic,2000-06-19,0,37,30,23.0,6.2,3.4,1.9,0.6,0.3,925258,"21 years, 10 months, 6 days"
1630228.0,Jonathan Kuminga,Warriors,Forward,204.22,102.06,DRC,2002-10-06,0,7,70,16.9,9.3,3.3,0.9,0.4,0.3,5466360,"19 years, 6 months, 19 days"
1628398.0,Kyle Kuzma,Wizards,Forward,210.31,100.24,USA,1995-07-24,4,27,342,30.4,15.6,6.2,2.2,0.6,0.5,13000000,"26 years, 9 months, 4 days"
203897.0,Zach LaVine,Bulls,Guard,198.12,90.72,USA,1995-03-10,7,13,478,31.8,19.8,3.9,3.9,0.9,0.3,19500000,"27 years, 1 months, 18 days"
1630237.0,Anthony Lamb,Rockets,Forward,201.17,102.97,USA,1998-01-20,1,Undrafted,26,16.3,5.1,2.7,1.0,0.2,0.2,0,"24 years, 3 months, 5 days"
203087.0,Jeremy Lamb,Kings,Guard,198.12,81.65,USA,1992-05-30,9,12,573,20.8,10.1,3.6,1.6,0.7,0.4,10500000,"29 years, 10 months, 28 days"
1629111.0,Jock Landale,Spurs,Center,186.23,115.67,Australia,1995-10-25,0,Undrafted,54,10.9,4.9,2.6,0.8,0.2,0.3,925258,"26 years, 6 months, 2 days"
1629641.0,Romeo Langford,Spurs,Guard,198.12,97.98,USA,1999-10-25,2,14,98,14.5,3.6,1.9,0.5,0.4,0.3,3804360,"22 years, 6 months, 1 days"
1627774.0,Jake Layman,Timberwolves,Forward,207.26,94.8,USA,1994-03-07,5,47,243,12.8,4.8,1.7,0.5,0.4,0.3,3940184,"28 years, 1 months, 21 days"
1627747.0,Caris LeVert,Cavaliers,Guard,201.17,92.99,USA,1994-08-25,5,20,318,27.5,14.6,3.8,4.0,1.1,0.3,17500000,"27 years, 8 months, 2 days"
1627814.0,Damion Lee,Warriors,Guard,198.12,95.25,USA,1992-10-21,4,Undrafted,216,21.0,8.2,3.5,1.4,0.7,0.1,1910860,"29 years, 6 months, 6 days"
1630240.0,Saben Lee,Pistons,Guard,188.98,83.01,USA,1999-06-23,1,38,85,16.3,5.6,2.2,3.3,0.8,0.3,1489065,"22 years, 10 months, 3 days"
203458.0,Alex Len,Kings,Center,213.36,113.4,Ukraine,1993-06-16,8,5,570,18.9,7.7,5.9,0.9,0.4,1.0,3731707,"28 years, 10 months, 11 days"
202695.0,Kawhi Leonard,Clippers,Forward,204.22,102.06,USA,1991-06-29,10,15,576,31.3,19.2,6.4,2.9,1.8,0.6,39344900,"30 years, 9 months, 29 days"
1630184.0,Kira Lewis,Pelicans,Guard,185.93,77.11,USA,2001-04-06,1,13,78,16.0,6.2,1.4,2.2,0.6,0.1,3822240,"21 years, 0 months, 19 days"
203081.0,Damian Lillard,Trail Blazers,Guard,188.98,88.45,USA,1990-07-15,9,6,711,36.3,24.6,4.2,6.6,1.0,0.3,39344900,"31 years, 9 months, 14 days"
1629642.0,Nassir Little,Trail Blazers,Forward,198.12,99.79,USA,2000-02-11,2,25,138,16.7,5.8,3.4,0.7,0.3,0.5,2316240,"22 years, 2 months, 13 days"
1630587.0,Isaiah Livers,Pistons,Forward,201.17,105.23,USA,1998-07-28,0,42,19,20.2,6.4,3.0,1.1,0.7,0.4,1057260,"23 years, 8 months, 29 days"
1626172.0,Kevon Looney,Warriors,Forward,210.31,100.7,USA,1996-02-06,6,30,367,16.4,4.7,4.8,1.4,0.5,0.6,5178572,"26 years, 2 months, 19 days"
201572.0,Brook Lopez,Bucks,Center,213.36,127.91,USA,1988-04-01,13,10,868,30.2,16.4,6.2,1.4,0.6,1.8,13302325,"34 years, 0 months, 27 days"
201577.0,Robin Lopez,Magic,Center,213.36,127.46,USA,1988-04-01,13,15,939,21.9,8.7,4.9,0.8,0.2,1.1,5000000,"34 years, 0 months, 27 days"
1629712.0,Didi Louzada,Trail Blazers,Guard,198.12,85.28,Brazil,1999-07-02,1,35,12,15.5,3.6,1.7,0.7,0.3,0.2,1786878,"22 years, 9 months, 24 days"
201567.0,Kevin Love,Cavaliers,Forward,207.26,113.85,USA,1988-09-07,13,5,812,30.9,17.6,10.7,2.4,0.7,0.4,31300000,"33 years, 7 months, 20 days"
200768.0,Kyle Lowry,Heat,Guard,182.88,88.9,USA,1986-03-25,15,24,1023,31.9,14.8,4.4,6.3,1.3,0.3,26984128,"36 years, 1 months, 5 days"
1627789.0,Timothe Luwawu-Cabarrot,Hawks,Guard,204.22,97.52,France,1995-05-09,5,24,328,16.0,5.9,2.0,0.9,0.4,0.1,1939350,"26 years, 11 months, 19 days"
1626168.0,Trey Lyles,Kings,Forward,210.31,106.14,Canada,1995-11-05,6,12,449,18.3,7.8,4.3,1.1,0.4,0.3,2500000,"26 years, 5 months, 21 days"
1630177.0,Theo Maledon,Thunder,Guard,195.07,79.38,France,2001-06-12,1,34,116,23.2,8.8,2.9,2.9,0.8,0.2,2000000,"20 years, 10 months, 13 days"
1629611.0,Terance Mann,Clippers,Guard,198.12,97.52,USA,1996-10-18,2,48,189,20.9,7.6,3.8,1.9,0.5,0.2,1782621,"25 years, 6 months, 8 days"
1630544.0,Tre Mann,Thunder,Guard,192.02,80.74,USA,2001-02-03,0,18,60,22.8,10.4,2.9,1.5,0.8,0.2,2901240,"21 years, 2 months, 20 days"
1626246.0,Boban Marjanovic,Mavericks,Center,222.5,131.54,Serbia,1988-08-15,6,Undrafted,286,9.2,5.9,3.8,0.5,0.2,0.3,3500000,"33 years, 8 months, 13 days"
1628374.0,Lauri Markkanen,Cavaliers,Forward,186.23,108.86,Finland,1997-05-22,4,7,282,29.7,15.4,6.8,1.3,0.7,0.5,15690909,"24 years, 11 months, 5 days"
1630230.0,Naji Marshall,Pelicans,Forward,204.22,99.79,USA,1998-01-24,1,Undrafted,87,16.5,6.4,3.3,1.7,0.7,0.2,1517981,"24 years, 3 months, 1 days"
1628997.0,Caleb Martin,Heat,Forward,198.12,92.99,USA,1995-09-28,2,Undrafted,131,19.1,7.1,3.1,1.2,0.8,0.4,527614,"26 years, 6 months, 29 days"
1628998.0,Cody Martin,Hornets,Forward,201.17,92.99,USA,1995-09-28,2,36,171,21.2,5.8,3.5,2.1,1.0,0.3,1782621,"26 years, 6 months, 29 days"
1630231.0,Kenyon Martin,Rockets,Forward,198.12,97.52,USA,2001-01-06,1,52,124,22.0,9.0,4.3,1.2,0.5,0.7,1517981,"21 years, 3 months, 18 days"
1629726.0,Garrison Mathews,Rockets,Guard,198.12,97.52,USA,1996-10-24,2,Undrafted,147,20.3,7.5,2.0,0.7,0.6,0.2,1093598,"25 years, 6 months, 2 days"
202083.0,Wesley Matthews,Bucks,Guard,195.07,99.79,USA,1986-10-14,12,Undrafted,898,30.5,12.2,2.9,2.0,1.0,0.2,1958501,"35 years, 6 months, 15 days"
1630178.0,Tyrese Maxey,76ers,Guard,188.98,90.72,USA,2000-11-04,1,21,136,26.4,13.2,2.5,3.2,0.6,0.3,2602920,"21 years, 5 months, 20 days"
1630219.0,Skylar Mays,Hawks,Guard,195.07,92.99,USA,1997-09-05,1,50,61,8.0,3.3,1.0,0.8,0.3,0.0,34231,"24 years, 7 months, 20 days"
1630540.0,Miles McBride,Knicks,Guard,185.93,88.45,USA,2000-09-08,0,36,40,9.3,2.2,1.1,1.0,0.4,0.0,925258,"21 years, 7 months, 16 days"
1630644.0,Mac McClung,Lakers,Guard,188.98,83.91,USA,1999-01-06,0,Undrafted,2,12.2,4.0,1.5,0.5,0.5,0.5,0,"23 years, 3 months, 19 days"
203468.0,CJ McCollum,Pelicans,Guard,192.02,86.18,USA,1991-09-19,8,10,590,31.6,19.2,3.5,3.5,0.9,0.4,30864198,"30 years, 7 months, 8 days"
204456.0,T.J. McConnell,Pacers,Guard,185.93,86.18,USA,1992-03-25,6,,481,22.2,6.9,3.0,5.0,1.3,0.2,7500000,"30 years, 1 months, 3 days"
1630183.0,Jaden McDaniels,Timberwolves,Forward,210.31,83.91,USA,2000-09-29,1,28,133,24.9,8.1,3.9,1.1,0.7,0.9,2063280,"21 years, 6 months, 26 days"
1629667.0,Jalen McDaniels,Hornets,Forward,210.31,92.99,USA,1998-01-31,2,52,118,17.7,6.6,3.4,1.1,0.5,0.4,1782621,"24 years, 2 months, 24 days"
203926.0,Doug McDermott,Spurs,Forward,204.22,102.06,USA,1992-01-03,7,11,527,20.9,9.2,2.3,0.9,0.2,0.1,13750000,"30 years, 3 months, 24 days"
201580.0,JaVale McGee,Suns,Center,213.36,122.47,USA,1988-01-19,13,18,821,17.0,8.0,5.3,0.4,0.4,1.5,5000000,"34 years, 3 months, 9 days"
203585.0,Rodney McGruder,Pistons,Guard,195.07,92.99,USA,1991-07-29,5,Undrafted,285,19.8,5.8,2.8,1.2,0.5,0.2,1939350,"30 years, 9 months, 0 days"
1629162.0,Jordan McLaughlin,Timberwolves,Guard,155.75,83.91,USA,1996-04-09,2,Undrafted,143,17.0,5.0,1.8,3.5,1.0,0.1,1669178,"26 years, 0 months, 17 days"
203463.0,Ben McLemore,Trail Blazers,Guard,192.02,88.45,USA,1993-02-11,8,7,556,22.5,9.0,2.3,1.0,0.6,0.2,2389641,"29 years, 2 months, 14 days"
1629001.0,De'Anthony Melton,Grizzlies,Guard,188.98,90.72,USA,1998-05-28,3,46,235,20.7,8.4,3.6,2.8,1.3,0.5,8437500,"23 years, 10 months, 29 days"
1629002.0,Chimezie Metu,Kings,Forward,210.31,102.06,USA,1997-03-22,3,49,143,14.1,6.1,3.6,0.8,0.5,0.4,1762796,"25 years, 1 months, 5 days"
203114.0,Khris Middleton,Bucks,Forward,204.22,100.7,USA,1991-08-12,9,39,651,31.8,17.1,4.9,3.8,1.2,0.2,35500000,"30 years, 8 months, 16 days"
201988.0,Patty Mills,Nets,Guard,182.88,81.65,Australia,1988-08-11,12,55,820,20.7,9.2,1.7,2.3,0.7,0.1,5890000,"33 years, 8 months, 17 days"
200794.0,Paul Millsap,76ers,Forward,204.22,116.57,USA,1985-02-10,15,47,1085,28.1,13.4,7.1,2.2,1.2,1.0,2641691,"37 years, 2 months, 17 days"
1629003.0,Shake Milton,76ers,Guard,198.12,92.99,USA,1996-09-26,3,54,178,20.9,9.7,2.3,2.6,0.5,0.3,1846738,"25 years, 7 months, 0 days"
1630558.0,Davion Mitchell,Kings,Guard,182.88,91.63,USA,1998-09-05,0,9,75,27.7,11.5,2.2,4.2,0.7,0.3,4603320,"23 years, 7 months, 20 days"
1628378.0,Donovan Mitchell,Jazz,Guard,185.93,97.52,USA,1996-09-07,4,13,345,33.7,23.9,4.2,4.5,1.3,0.3,28103550,"25 years, 7 months, 18 days"
1630596.0,Evan Mobley,Cavaliers,Center,186.23,97.52,USA,2001-06-18,0,3,69,33.8,15.0,8.3,2.5,0.8,1.7,8075160,"20 years, 10 months, 7 days"
1628370.0,Malik Monk,Lakers,Guard,192.02,90.72,USA,1998-02-04,4,11,309,20.4,10.3,2.3,2.0,0.5,0.2,1789256,"24 years, 2 months, 20 days"
202328.0,Greg Monroe,Timberwolves,Forward,185.93,113.4,USA,1990-06-04,11,7,646,27.4,13.0,8.2,2.1,1.1,0.6,55208,"31 years, 10 months, 24 days"
1630541.0,Moses Moody,Warriors,Guard,198.12,95.71,USA,2002-05-31,0,14,52,11.7,4.4,1.5,0.4,0.1,0.2,3562080,"19 years, 10 months, 25 days"
1629875.0,Xavier Moon,Clippers,Guard,188.98,74.84,USA,1995-01-02,0,Undrafted,10,13.7,5.8,1.4,2.4,0.7,0.3,0,"27 years, 3 months, 24 days"
1629630.0,Ja Morant,Grizzlies,Guard,192.02,78.93,USA,1999-08-10,2,2,187,32.2,21.2,4.5,7.1,1.0,0.3,9603360,"22 years, 8 months, 16 days"
1629752.0,Juwan Morgan,Celtics,Forward,204.22,105.23,USA,1997-04-17,2,Undrafted,52,6.0,1.5,1.2,0.3,0.1,0.1,19186,"25 years, 0 months, 9 days"
202693.0,Markieff Morris,Heat,Forward,210.31,111.13,USA,1989-09-02,10,13,715,24.8,10.9,5.2,1.6,0.8,0.5,2641691,"32 years, 7 months, 25 days"
1628420.0,Monte Morris,Nuggets,Guard,188.98,83.01,USA,1995-06-27,4,51,280,25.2,10.5,2.3,3.7,0.8,0.2,8333333,"26 years, 10 months, 0 days"
202694.0,Marcus Morris,Clippers,Forward,207.26,98.88,USA,1989-09-02,10,14,718,27.1,12.4,4.6,1.5,0.7,0.3,15627907,"32 years, 7 months, 25 days"
1630530.0,Trey Murphy,Pelicans,Forward,207.26,93.44,USA,2000-06-18,0,17,62,13.9,5.4,2.4,0.6,0.4,0.1,3053760,"21 years, 10 months, 7 days"
1627749.0,Dejounte Murray,Spurs,Guard,195.07,81.65,USA,1996-09-19,5,29,320,25.8,12.5,6.0,4.8,1.4,0.3,15428571,"25 years, 7 months, 6 days"
1627750.0,Jamal Murray,Nuggets,Guard,192.02,97.52,Canada,1997-02-23,5,7,345,30.1,16.3,3.6,3.8,1.0,0.3,31590000,"25 years, 2 months, 2 days"
203488.0,Mike Muscala,Thunder,Forward,185.93,108.86,USA,1991-07-01,8,44,432,15.5,6.2,3.2,0.9,0.3,0.5,3500000,"30 years, 9 months, 27 days"
1629004.0,Svi Mykhailiuk,Raptors,Guard,204.22,92.99,Ukraine,1997-06-10,3,47,220,17.0,6.6,1.8,1.4,0.6,0.1,1729217,"24 years, 10 months, 16 days"
1626204.0,Larry Nance,Pelicans,Forward,204.22,111.13,USA,1993-01-01,6,27,396,24.1,8.1,6.5,1.9,1.2,0.5,10690909,"29 years, 3 months, 25 days"
1630612.0,RJ Nembhard,Cavaliers,Guard,195.07,90.72,USA,1999-03-22,0,Undrafted,14,4.5,1.1,0.5,0.9,0.1,0.0,58493,"23 years, 1 months, 5 days"
1630174.0,Aaron Nesmith,Celtics,Guard,198.12,97.52,USA,1999-10-16,1,14,98,12.7,4.2,2.2,0.5,0.4,0.1,3631200,"22 years, 6 months, 10 days"
203526.0,Raul Neto,Wizards,Guard,188.98,81.65,Brazil,1992-05-19,6,47,387,16.2,6.0,1.6,2.2,0.7,0.1,2089448,"29 years, 11 months, 9 days"
1627777.0,Georges Niang,76ers,Forward,204.22,104.33,USA,1993-06-17,5,50,305,14.6,6.1,2.0,0.8,0.3,0.1,3300000,"28 years, 10 months, 10 days"
1630227.0,Daishen Nix,Rockets,Guard,195.07,102.51,USA,2002-02-13,0,Undrafted,24,10.9,3.2,1.4,1.7,0.6,0.0,292466,"20 years, 2 months, 11 days"
1630192.0,Zeke Nnaji,Nuggets,Forward,210.31,108.86,USA,2001-01-09,1,22,83,13.2,4.9,2.6,0.3,0.3,0.2,2498760,"21 years, 3 months, 15 days"
203457.0,Nerlens Noel,Knicks,Center,186.23,99.79,USA,1994-04-10,8,6,450,22.4,7.3,6.2,1.1,1.3,1.5,8800000,"28 years, 0 months, 17 days"
1629669.0,Jaylen Nowell,Timberwolves,Guard,195.07,91.17,USA,1999-07-09,2,43,119,15.8,8.1,1.9,1.8,0.4,0.2,1782621,"22 years, 9 months, 18 days"
1628373.0,Frank Ntilikina,Mavericks,Guard,195.07,90.72,France,1998-07-28,4,8,269,17.9,5.2,1.8,2.3,0.7,0.2,1789256,"23 years, 8 months, 29 days"
1629134.0,Kendrick Nunn,Lakers,Guard,188.98,86.18,USA,1995-08-03,3,Undrafted,123,29.4,15.0,2.9,3.0,0.9,0.2,5000000,"26 years, 8 months, 24 days"
203994.0,Jusuf Nurkic,Trail Blazers,Center,186.23,131.54,Bosnia and Herzegovina,1994-08-23,7,16,411,23.9,12.2,8.5,2.2,0.9,1.2,12000000,"27 years, 8 months, 4 days"
1628021.0,David Nwaba,Rockets,Guard,198.12,99.34,USA,1993-01-14,5,Undrafted,237,19.3,6.8,3.7,1.0,0.7,0.4,4650000,"29 years, 3 months, 12 days"
1629670.0,Jordan Nwora,Bucks,Forward,207.26,102.06,USA,1998-09-09,1,45,92,15.9,7.2,3.1,0.7,0.5,0.3,1517981,"23 years, 7 months, 16 days"
1626220.0,Royce O'Neale,Jazz,Forward,198.12,102.51,USA,1993-06-05,4,Undrafted,370,25.7,6.2,4.8,2.1,0.8,0.4,8678571,"28 years, 10 months, 22 days"
1629643.0,Chuma Okeke,Magic,Forward,201.17,103.87,USA,1998-08-18,1,16,115,25.1,8.3,4.6,1.9,1.3,0.6,3277080,"23 years, 8 months, 8 days"
1629006.0,Josh Okogie,Timberwolves,Guard,195.07,96.62,Nigeria,1998-09-01,3,20,244,20.6,6.4,2.9,1.1,1.0,0.4,4087904,"23 years, 7 months, 24 days"
1630168.0,Onyeka Okongwu,Hawks,Forward,207.26,108.86,USA,2000-12-11,1,6,98,16.3,6.3,4.6,0.7,0.6,0.9,6104280,"21 years, 4 months, 14 days"
1630171.0,Isaac Okoro,Cavaliers,Forward,198.12,102.06,USA,2001-01-26,1,5,134,31.0,9.2,3.0,1.9,0.9,0.3,6720720,"21 years, 2 months, 28 days"
203506.0,Victor Oladipo,Heat,Guard,195.07,96.62,USA,1992-05-04,8,2,462,32.8,17.4,4.6,3.9,1.6,0.5,2389641,"29 years, 11 months, 24 days"
203482.0,Kelly Olynyk,Pistons,Forward,186.23,108.86,Canada,1991-04-19,8,13,610,22.0,10.1,5.1,2.0,0.8,0.5,12195122,"31 years, 0 months, 9 days"
1626224.0,Cedi Osman,Cavaliers,Forward,204.22,104.33,Turkey,1995-04-08,4,31,327,24.5,10.0,3.2,2.1,0.7,0.1,8050000,"27 years, 0 months, 19 days"
1626162.0,Kelly Oubre,Hornets,Forward,201.17,92.08,USA,1995-12-09,6,15,479,25.2,12.0,4.3,1.0,0.9,0.5,12000000,"26 years, 4 months, 18 days"
1629672.0,Eric Paschall,Jazz,Forward,201.17,115.67,USA,1996-11-04,2,41,158,19.5,9.8,3.2,1.4,0.3,0.2,1782621,"25 years, 5 months, 21 days"
101108.0,Chris Paul,Suns,Guard,182.88,79.38,USA,1985-05-06,16,4,1155,34.5,18.1,4.5,9.5,2.1,0.1,30800000,"36 years, 11 months, 24 days"
1626166.0,Cameron Payne,Suns,Guard,185.93,83.01,USA,1994-08-08,6,14,279,17.9,7.6,2.2,3.2,0.7,0.2,6500000,"27 years, 8 months, 19 days"
203901.0,Elfrid Payton,Suns,Guard,192.02,88.45,USA,1994-02-22,7,10,500,26.8,10.1,4.0,5.7,1.2,0.3,2239544,"28 years, 2 months, 4 days"
1627780.0,Gary Payton,Warriors,Guard,192.02,88.45,USA,1992-12-01,5,Undrafted,142,14.5,5.2,2.8,1.1,1.0,0.3,1939350,"29 years, 4 months, 25 days"
1629033.0,Theo Pinson,Mavericks,Guard,198.12,96.16,USA,1995-11-05,3,Undrafted,87,8.7,2.9,1.3,1.1,0.3,0.1,0,"26 years, 5 months, 21 days"
203486.0,Mason Plumlee,Hornets,Forward,186.23,115.21,USA,1990-03-05,8,22,661,22.3,8.3,6.6,2.4,0.8,0.9,8137500,"32 years, 1 months, 24 days"
1627751.0,Jakob Poeltl,Spurs,Center,216.41,111.13,Austria,1995-10-15,5,9,416,20.2,7.3,6.1,1.4,0.5,1.3,8750000,"26 years, 6 months, 12 days"
1630197.0,Aleksej Pokusevski,Thunder,Forward,213.36,86.18,Serbia,2001-12-26,1,17,106,21.9,7.8,5.0,2.2,0.6,0.8,3113160,"20 years, 3 months, 29 days"
1629673.0,Jordan Poole,Warriors,Guard,195.07,88.0,USA,1999-06-19,2,28,184,24.7,13.7,2.6,2.9,0.7,0.2,2161440,"22 years, 10 months, 7 days"
1629645.0,Kevin Porter,Rockets,Guard,195.07,92.08,USA,2000-05-04,2,30,137,28.5,13.7,3.9,4.7,1.0,0.3,2130240,"21 years, 11 months, 22 days"
1629008.0,Michael Porter,Nuggets,Forward,185.93,98.88,USA,1998-06-29,3,14,125,24.6,14.1,6.1,1.1,0.6,0.6,5258735,"23 years, 9 months, 27 days"
203490.0,Otto Porter,Warriors,Forward,207.26,89.81,USA,1993-06-03,8,3,504,26.0,10.6,5.1,1.5,1.1,0.4,2389641,"28 years, 10 months, 24 days"
1626171.0,Bobby Portis,Bucks,Forward,185.93,113.4,USA,1995-02-10,6,22,453,21.7,11.1,6.6,1.2,0.6,0.4,4347600,"27 years, 2 months, 15 days"
204001.0,Kristaps Porzingis,Wizards,Forward,222.5,108.86,Latvia,1995-08-02,6,4,337,30.8,18.9,7.9,1.6,0.7,1.9,31650600,"26 years, 8 months, 25 days"
203939.0,Dwight Powell,Mavericks,Forward,185.93,108.86,Canada,1991-07-20,7,45,511,19.0,7.7,4.6,1.0,0.6,0.5,11000000,"30 years, 9 months, 9 days"
1626181.0,Norman Powell,Clippers,Guard,192.02,97.52,USA,1993-05-25,6,46,421,22.4,11.3,2.6,1.5,0.8,0.3,15517242,"28 years, 11 months, 3 days"
1630563.0,Joshua Primo,Spurs,Guard,195.07,85.73,Canada,2002-12-24,0,12,50,19.3,5.8,2.3,1.6,0.4,0.5,3946800,"19 years, 4 months, 1 days"
1627752.0,Taurean Prince,Timberwolves,Forward,201.17,98.88,USA,1994-03-22,5,12,370,24.2,10.5,3.9,1.7,0.8,0.4,15057692,"28 years, 1 months, 6 days"
1630202.0,Payton Pritchard,Celtics,Guard,185.93,88.45,USA,1998-01-28,1,26,137,16.6,6.9,2.1,1.9,0.5,0.1,2137440,"24 years, 2 months, 27 days"
1630193.0,Immanuel Quickley,Knicks,Guard,192.02,86.18,USA,1999-06-17,1,25,142,21.5,11.4,2.7,2.8,0.6,0.1,2210640,"22 years, 10 months, 9 days"
203944.0,Julius Randle,Knicks,Forward,207.26,113.4,USA,1994-11-29,7,7,518,31.2,17.7,9.3,3.6,0.7,0.5,19800000,"27 years, 4 months, 27 days"
1630559.0,Austin Reaves,Lakers,Guard,198.12,89.36,USA,1998-05-29,0,Undrafted,61,23.2,7.3,3.2,1.8,0.5,0.3,925258,"23 years, 10 months, 28 days"
1629629.0,Cam Reddish,Knicks,Forward,207.26,98.43,USA,1999-09-01,2,10,133,24.9,10.5,3.2,1.3,1.1,0.4,4670160,"22 years, 7 months, 24 days"
1628432.0,Davon Reed,Nuggets,Guard,198.12,93.44,USA,1995-06-11,4,32,79,12.1,3.6,1.9,0.9,0.4,0.1,0,"26 years, 10 months, 16 days"
1630194.0,Paul Reed,76ers,Forward,210.31,95.25,USA,1999-06-14,1,58,64,7.5,3.2,2.4,0.4,0.7,0.4,1517981,"22 years, 10 months, 12 days"
1629675.0,Naz Reid,Timberwolves,Center,210.31,119.75,USA,1999-08-26,2,Undrafted,177,17.3,9.5,4.2,1.0,0.5,1.0,1782621,"22 years, 8 months, 0 days"
1630208.0,Nick Richards,Hornets,Center,213.36,111.13,Jamaica,1997-11-29,1,42,68,6.3,2.4,1.4,0.2,0.1,0.3,1517981,"24 years, 4 months, 26 days"
1626196.0,Josh Richardson,Spurs,Guard,198.12,90.72,USA,1993-09-15,6,40,438,29.8,12.0,3.1,2.7,1.1,0.6,11615328,"28 years, 7 months, 11 days"
203085.0,Austin Rivers,Nuggets,Guard,195.07,90.72,USA,1992-08-01,9,10,655,24.2,8.8,2.1,2.2,0.7,0.2,2401537,"29 years, 8 months, 26 days"
1629130.0,Duncan Robinson,Heat,Forward,204.22,97.52,USA,1994-04-22,3,Undrafted,239,27.7,11.9,2.9,1.5,0.5,0.2,15560000,"28 years, 0 months, 5 days"
1629011.0,Mitchell Robinson,Knicks,Center,213.36,108.86,USA,1998-04-01,3,36,230,23.8,8.4,7.5,0.6,0.9,2.0,1802057,"24 years, 0 months, 25 days"
1630526.0,Jeremiah Robinson-Earl,Thunder,Forward,207.26,109.77,USA,2000-11-03,0,32,49,22.2,7.5,5.6,1.0,0.6,0.3,2000000,"21 years, 5 months, 21 days"
1629676.0,Isaiah Roby,Thunder,Forward,207.26,104.33,USA,1998-02-03,2,45,109,21.9,9.1,5.1,1.6,0.8,0.7,1782621,"24 years, 2 months, 21 days"
200765.0,Rajon Rondo,Cavaliers,Guard,185.93,81.65,USA,1986-02-22,15,21,957,29.9,9.8,4.5,7.9,1.6,0.1,2641691,"36 years, 2 months, 6 days"
201565.0,Derrick Rose,Knicks,Guard,188.98,90.72,USA,1988-10-04,13,1,672,31.7,18.2,3.3,5.4,0.8,0.3,13445120,"33 years, 6 months, 24 days"
203082.0,Terrence Ross,Magic,Guard,201.17,93.44,USA,1991-02-05,9,8,670,24.8,11.2,2.8,1.3,0.8,0.3,12500000,"31 years, 2 months, 21 days"
1626179.0,Terry Rozier,Hornets,Guard,185.93,86.18,USA,1994-03-17,6,16,477,26.1,12.7,3.9,3.2,0.9,0.2,17905263,"28 years, 1 months, 11 days"
201937.0,Ricky Rubio,Pacers,Guard,188.98,86.18,Spain,1990-10-21,10,5,665,30.3,11.1,4.2,7.6,1.8,0.1,17809524,"31 years, 6 months, 7 days"
1626156.0,D'Angelo Russell,Timberwolves,Guard,195.07,87.54,USA,1996-02-23,6,2,424,29.4,17.7,3.5,5.6,1.1,0.3,30013500,"26 years, 2 months, 3 days"
1627734.0,Domantas Sabonis,Kings,Forward,186.23,108.86,Lithuania,1996-05-03,5,11,415,28.4,14.4,9.2,3.6,0.7,0.4,18562500,"25 years, 11 months, 24 days"
203967.0,Dario Saric,Suns,Forward,185.93,102.06,Croatia,1994-04-08,5,12,356,25.2,11.7,5.9,2.0,0.6,0.2,9000000,"28 years, 0 months, 19 days"
203107.0,Tomas Satoransky,Wizards,Guard,204.22,95.25,Czech Republic,1991-10-30,5,32,388,22.2,6.9,2.9,4.1,0.8,0.2,10468119,"30 years, 5 months, 28 days"
1630648.0,Jordan Schakel,Wizards,Guard,201.17,90.72,USA,1998-06-13,0,Undrafted,4,7.6,1.3,2.0,0.0,0.3,0.0,0,"23 years, 10 months, 13 days"
1629678.0,Admiral Schofield,Magic,Forward,198.12,109.32,United Kingdom,1997-03-30,2,42,71,11.8,3.5,1.9,0.6,0.2,0.1,0,"25 years, 0 months, 27 days"
203471.0,Dennis Schroder,Rockets,Guard,185.93,78.02,Germany,1993-09-15,8,17,621,26.5,14.2,2.9,4.7,0.8,0.1,5890000,"28 years, 7 months, 11 days"
1630578.0,Alperen Sengun,Rockets,Center,185.93,110.22,Turkey,2002-07-25,0,16,72,20.7,9.6,5.5,2.6,0.8,0.9,3214680,"19 years, 9 months, 1 days"
1629012.0,Collin Sexton,Cavaliers,Guard,185.93,86.18,USA,1999-01-04,3,8,218,32.9,20.0,3.0,3.3,0.8,0.1,6349671,"23 years, 3 months, 21 days"
1629013.0,Landry Shamet,Suns,Guard,195.07,86.18,USA,1997-03-13,3,26,262,23.3,9.0,1.8,1.6,0.4,0.1,3768342,"25 years, 1 months, 14 days"
1630549.0,Day'Ron Sharpe,Nets,Forward,210.31,120.2,USA,2001-11-06,0,29,32,12.2,6.2,5.0,0.5,0.3,0.5,2009040,"20 years, 5 months, 18 days"
1627783.0,Pascal Siakam,Raptors,Forward,207.26,104.33,Cameroon,1994-04-02,5,27,400,29.5,15.7,6.3,3.1,0.9,0.7,31320000,"28 years, 0 months, 25 days"
1627732.0,Ben Simmons,Nets,Guard,186.23,108.86,Australia,1996-07-20,5,1,275,33.9,15.9,8.1,7.7,1.7,0.7,31590000,"25 years, 9 months, 7 days"
1630250.0,Marko Simonovic,Bulls,Center,186.23,99.79,Montenegro,1999-10-15,0,44,9,3.9,1.9,1.1,0.0,0.1,0.1,925258,"22 years, 6 months, 11 days"
1629014.0,Anfernee Simons,Trail Blazers,Guard,192.02,82.1,USA,1999-06-08,3,24,211,20.7,10.2,2.2,2.0,0.4,0.1,3938818,"22 years, 10 months, 18 days"
203935.0,Marcus Smart,Celtics,Guard,195.07,99.79,USA,1994-03-06,7,6,520,29.8,10.5,3.6,4.5,1.6,0.4,14339285,"28 years, 1 months, 22 days"
202397.0,Ish Smith,Wizards,Guard,182.88,79.38,USA,1988-07-05,11,Undrafted,719,20.0,7.6,2.5,3.9,0.7,0.3,4500000,"33 years, 9 months, 23 days"
1630188.0,Jalen Smith,Pacers,Forward,185.93,97.52,USA,2000-03-16,1,10,78,13.8,6.7,4.4,0.4,0.2,0.6,4458000,"22 years, 1 months, 10 days"
1630270.0,Xavier Sneed,Jazz,Forward,198.12,97.52,USA,1997-12-21,0,Undrafted,9,4.3,0.6,0.7,0.1,0.0,0.0,0,"24 years, 4 months, 5 days"
203503.0,Tony Snell,Pelicans,Guard,201.17,96.62,USA,1991-11-10,8,20,601,21.8,6.1,2.3,1.1,0.4,0.2,2389641,"30 years, 5 months, 17 days"
1630531.0,Jaden Springer,76ers,Guard,195.07,91.63,USA,2002-09-25,0,28,2,2.8,1.0,1.0,0.0,0.0,1.0,2023800,"19 years, 7 months, 0 days"
203917.0,Nik Stauskas,Celtics,Guard,201.17,93.89,Canada,1993-10-07,7,8,343,19.5,6.7,2.0,1.5,0.4,0.2,0,"28 years, 6 months, 20 days"
202362.0,Lance Stephenson,Pacers,Forward,198.12,95.25,USA,1990-09-05,11,40,554,22.9,8.6,4.1,2.9,0.6,0.1,924730,"31 years, 7 months, 22 days"
1630205.0,Lamar Stevens,Cavaliers,Forward,201.17,104.33,USA,1997-07-09,1,Undrafted,103,14.7,5.3,2.5,0.7,0.5,0.3,1517981,"24 years, 9 months, 18 days"
1630191.0,Isaiah Stewart,Pistons,Forward,207.26,113.4,USA,2001-05-22,1,16,139,23.5,8.1,7.7,1.0,0.4,1.2,3277080,"20 years, 11 months, 4 days"
1629622.0,Max Strus,Heat,Guard,198.12,97.52,USA,1996-03-28,2,Undrafted,109,19.3,8.8,2.2,1.1,0.4,0.2,1669178,"26 years, 0 months, 29 days"
1630591.0,Jalen Suggs,Magic,Guard,198.12,92.99,USA,2001-06-03,0,5,48,27.2,11.8,3.6,4.4,1.2,0.4,6593040,"20 years, 10 months, 22 days"
1630256.0,Jae'Sean Tate,Rockets,Forward,195.07,104.33,USA,1995-10-28,1,Undrafted,148,27.7,11.6,5.4,2.7,1.1,0.5,1517981,"26 years, 5 months, 29 days"
1628369.0,Jayson Tatum,Celtics,Forward,207.26,95.25,USA,1998-03-03,4,3,365,33.4,20.9,6.6,3.0,1.1,0.7,28103550,"24 years, 1 months, 24 days"
1630678.0,Terry Taylor,Pacers,Forward,198.12,104.33,USA,1999-09-23,0,Undrafted,33,21.6,9.6,5.2,1.2,0.4,0.2,21270,"22 years, 7 months, 3 days"
202066.0,Garrett Temple,Pelicans,Guard,198.12,88.45,USA,1986-05-08,12,Undrafted,691,21.4,6.4,2.3,1.7,0.8,0.3,4910000,"35 years, 11 months, 22 days"
1630179.0,Tyrell Terry,Grizzlies,Guard,188.98,72.57,USA,2000-09-28,1,31,13,4.6,1.0,0.5,0.5,0.4,0.0,1517981,"21 years, 6 months, 27 days"
1628464.0,Daniel Theis,Celtics,Forward,210.31,111.13,Germany,1992-04-04,4,Undrafted,306,19.6,7.6,4.9,1.3,0.5,0.9,8372093,"30 years, 0 months, 23 days"
1630560.0,Cam Thomas,Nets,Guard,192.02,95.25,Japan,2001-10-13,0,27,67,17.6,8.5,2.4,1.2,0.5,0.1,2036280,"20 years, 6 months, 12 days"
202738.0,Isaiah Thomas,Hornets,Guard,179.83,83.91,USA,1989-02-07,10,60,550,28.3,17.7,2.4,4.8,0.9,0.1,276039,"33 years, 2 months, 19 days"
1629744.0,Matt Thomas,Bulls,Guard,192.02,86.18,USA,1994-08-04,2,Undrafted,126,9.7,4.0,1.2,0.5,0.2,0.0,1669178,"27 years, 8 months, 23 days"
202691.0,Klay Thompson,Warriors,Guard,201.17,99.79,USA,1990-02-08,10,11,647,32.9,19.5,3.5,2.3,0.9,0.5,37980720,"32 years, 2 months, 18 days"
202684.0,Tristan Thompson,Bulls,Center,210.31,115.21,Canada,1991-03-13,10,4,730,26.8,9.0,8.4,1.0,0.5,0.7,10720900,"31 years, 1 months, 16 days"
1630550.0,JT Thor,Hornets,Forward,210.31,92.08,USA,2002-08-26,0,37,33,7.9,2.0,1.3,0.6,0.2,0.3,1250000,"19 years, 7 months, 29 days"
1629680.0,Matisse Thybulle,76ers,Guard,198.12,91.17,USA,1997-03-04,2,20,196,21.8,4.8,1.9,1.1,1.6,1.0,2840160,"25 years, 1 months, 23 days"
1629681.0,Killian Tillie,Grizzlies,Forward,210.31,99.79,France,1998-03-05,1,Undrafted,54,11.9,3.2,1.6,0.6,0.5,0.4,2000000,"24 years, 1 months, 22 days"
1630214.0,Xavier Tillman,Grizzlies,Forward,207.26,111.13,USA,1999-01-12,1,35,112,15.9,5.7,3.7,1.2,0.8,0.4,1517981,"23 years, 3 months, 13 days"
1630225.0,Isaiah Todd,Wizards,Forward,210.31,99.34,USA,2001-10-17,0,31,12,6.2,1.7,1.0,0.3,0.3,0.2,1500000,"20 years, 6 months, 8 days"
1630167.0,Obi Toppin,Knicks,Forward,210.31,99.79,USA,1998-03-04,1,8,134,14.3,6.7,3.0,0.8,0.3,0.4,5105160,"24 years, 1 months, 23 days"
1629308.0,Juan Toscano-Anderson,Warriors,Forward,201.17,94.8,USA,1993-04-10,2,Undrafted,139,17.1,4.8,3.3,2.2,0.7,0.3,1701593,"29 years, 0 months, 17 days"
1626157.0,Karl-Anthony Towns,Timberwolves,Center,186.23,112.49,USA,1995-11-15,6,1,482,34.2,23.2,11.3,3.1,0.8,1.4,31610000,"26 years, 5 months, 11 days"
1629018.0,Gary Trent,Raptors,Guard,198.12,94.8,USA,1999-01-18,3,37,204,27.9,13.5,2.2,1.4,1.1,0.2,16000000,"23 years, 3 months, 7 days"
200782.0,P.J. Tucker,Heat,Forward,198.12,111.13,USA,1985-05-05,15,35,777,29.0,7.1,5.6,1.5,1.1,0.3,7000000,"36 years, 11 months, 25 days"
1629730.0,Rayjon Tucker,Bucks,Guard,192.02,94.8,USA,1997-09-24,2,Undrafted,39,7.7,3.0,1.0,0.5,0.2,0.0,28779,"24 years, 7 months, 2 days"
1626167.0,Myles Turner,Pacers,Center,186.23,113.4,USA,1996-03-24,6,11,431,28.7,12.7,6.7,1.2,0.7,2.3,18000000,"26 years, 1 months, 3 days"
202685.0,Jonas Valanciunas,Pelicans,Center,186.23,120.2,Lithuania,1992-05-06,9,5,695,26.1,13.4,9.5,1.2,0.4,1.0,14000000,"29 years, 11 months, 22 days"
1627832.0,Fred VanVleet,Raptors,Guard,185.93,89.36,USA,1994-02-25,5,Undrafted,348,28.3,13.7,3.2,4.9,1.3,0.4,19675926,"28 years, 2 months, 1 days"
1629020.0,Jarred Vanderbilt,Timberwolves,Forward,210.31,97.07,USA,1999-04-03,3,41,166,18.9,5.4,6.2,1.1,1.0,0.6,4259259,"23 years, 0 months, 23 days"
1630170.0,Devin Vassell,Spurs,Guard,198.12,90.72,USA,2000-08-23,1,11,133,22.5,9.1,3.6,1.4,0.9,0.4,4235160,"21 years, 8 months, 2 days"
1629216.0,Gabe Vincent,Heat,Guard,192.02,90.72,USA,1996-06-14,2,Undrafted,127,18.3,6.7,1.5,2.2,0.7,0.1,1669178,"25 years, 10 months, 12 days"
202696.0,Nikola Vucevic,Bulls,Center,185.93,117.93,Montenegro,1990-10-24,10,16,741,30.9,16.9,10.4,2.7,0.9,0.9,24000000,"31 years, 6 months, 4 days"
1629731.0,Dean Wade,Cavaliers,Forward,210.31,103.42,USA,1996-11-20,2,Undrafted,126,18.0,5.3,3.0,1.0,0.5,0.3,1782621,"25 years, 5 months, 5 days"
1630532.0,Franz Wagner,Magic,Forward,185.93,99.79,Germany,2001-08-27,0,8,79,30.7,15.2,4.5,2.9,0.9,0.4,5007840,"20 years, 7 months, 28 days"
1629021.0,Moritz Wagner,Magic,Forward,186.23,111.13,Germany,1997-04-26,3,25,196,15.1,7.5,3.5,1.1,0.4,0.3,1729217,"25 years, 0 months, 0 days"
1630688.0,Ish Wainright,Suns,Forward,198.12,113.4,USA,1994-09-12,0,Undrafted,45,8.0,2.4,1.2,0.3,0.4,0.1,8558,"27 years, 7 months, 14 days"
202689.0,Kemba Walker,Knicks,Guard,182.88,83.46,USA,1990-05-08,10,9,741,33.3,19.5,3.8,5.3,1.2,0.4,34967442,"31 years, 11 months, 21 days"
1629022.0,Lonnie Walker,Spurs,Guard,195.07,92.53,USA,1998-12-14,3,18,208,20.4,9.4,2.4,1.6,0.5,0.2,4447896,"23 years, 4 months, 12 days"
202322.0,John Wall,Rockets,Guard,192.02,95.25,USA,1990-09-06,11,1,613,35.6,19.1,4.3,9.1,1.7,0.7,44310840,"31 years, 7 months, 21 days"
203933.0,T.J. Warren,Pacers,Forward,207.26,99.79,USA,1993-09-05,7,14,332,28.8,15.5,4.1,1.2,1.0,0.5,12690000,"28 years, 7 months, 21 days"
1629023.0,P.J. Washington,Hornets,Forward,204.22,104.33,USA,1998-08-23,2,12,187,29.3,11.8,5.7,2.3,0.9,1.0,4215120,"23 years, 8 months, 3 days"
1630613.0,Duane Washington,Pacers,Guard,192.02,89.36,Germany,2000-03-24,0,Undrafted,48,20.2,9.9,1.7,1.8,0.5,0.1,21270,"22 years, 1 months, 2 days"
1629139.0,Yuta Watanabe,Raptors,Guard,210.31,97.52,Japan,1994-10-13,3,Undrafted,121,12.0,3.8,2.5,0.6,0.4,0.3,1762769,"27 years, 6 months, 14 days"
1630570.0,Trendon Watford,Trail Blazers,Forward,207.26,107.5,USA,2000-11-09,0,Undrafted,48,18.1,7.6,4.1,1.7,0.5,0.6,260561,"21 years, 5 months, 15 days"
1629683.0,Quinndary Weatherspoon,Warriors,Guard,192.02,92.99,USA,1996-09-10,2,49,42,6.5,2.1,0.8,0.6,0.3,0.1,0,"25 years, 7 months, 15 days"
201566.0,Russell Westbrook,Lakers,Guard,192.02,90.72,USA,1988-11-12,13,4,1021,34.7,22.8,7.4,8.4,1.7,0.3,44211146,"33 years, 5 months, 15 days"
1629632.0,Coby White,Bulls,Guard,195.07,88.45,USA,2000-02-16,2,7,195,28.2,13.7,3.6,3.5,0.6,0.2,5837760,"22 years, 2 months, 9 days"
1628401.0,Derrick White,Celtics,Guard,195.07,86.18,USA,1994-07-02,4,29,263,25.9,11.5,3.3,3.8,0.8,0.8,15178571,"27 years, 9 months, 25 days"
202355.0,Hassan Whiteside,Jazz,Center,213.36,120.2,USA,1989-06-13,11,33,511,24.7,12.6,10.8,0.6,0.5,2.2,2401537,"32 years, 10 months, 15 days"
1630580.0,Joe Wieskamp,Spurs,Guard,201.17,92.99,USA,1999-08-23,0,41,29,7.1,2.1,0.5,0.3,0.1,0.1,202068,"22 years, 8 months, 3 days"
1630598.0,Aaron Wiggins,Thunder,Guard,195.07,86.18,USA,1999-01-02,0,55,50,24.2,8.3,3.6,1.4,0.6,0.2,1000000,"23 years, 3 months, 23 days"
203952.0,Andrew Wiggins,Warriors,Forward,204.22,89.36,Canada,1995-02-23,7,1,598,35.0,19.3,4.4,2.3,1.0,0.7,31579390,"27 years, 2 months, 3 days"
1630314.0,Brandon Williams,Trail Blazers,Guard,188.98,86.18,USA,1999-11-22,0,Undrafted,24,26.7,12.9,3.1,3.9,1.0,0.4,0,"22 years, 5 months, 3 days"
1629684.0,Grant Williams,Celtics,Forward,201.17,107.05,USA,1998-11-30,2,22,209,19.4,5.4,3.0,1.0,0.5,0.6,2617800,"23 years, 4 months, 25 days"
1629026.0,Kenrich Williams,Thunder,Guard,201.17,95.25,USA,1994-12-02,3,Undrafted,200,22.0,6.5,4.5,2.0,0.9,0.3,2000000,"27 years, 4 months, 24 days"
101150.0,Lou Williams,Hawks,Guard,188.98,79.38,USA,1986-10-27,16,45,1123,24.1,13.9,2.2,3.4,0.8,0.2,5000000,"35 years, 6 months, 2 days"
1630172.0,Patrick Williams,Bulls,Forward,204.22,97.52,USA,2001-08-26,1,4,88,27.3,9.2,4.5,1.3,0.8,0.6,7422000,"20 years, 7 months, 29 days"
1630533.0,Ziaire Williams,Grizzlies,Forward,210.31,83.91,USA,2001-09-12,0,10,62,21.7,8.1,2.1,1.0,0.6,0.2,4373160,"20 years, 7 months, 12 days"
1629057.0,Robert Williams,Celtics,Center,210.31,107.5,USA,1997-10-17,3,27,174,19.9,7.2,6.6,1.4,0.7,1.7,3661976,"24 years, 6 months, 9 days"
1629627.0,Zion Williamson,Pelicans,Forward,201.17,128.82,USA,2000-07-06,2,1,85,31.7,25.7,7.0,3.2,0.9,0.6,10733400,"21 years, 9 months, 19 days"
1629685.0,Dylan Windler,Cavaliers,Guard,201.17,88.9,USA,1996-09-22,2,26,81,12.0,3.3,2.4,0.8,0.4,0.2,2239200,"25 years, 7 months, 4 days"
1626159.0,Justise Winslow,Trail Blazers,Forward,201.17,100.7,USA,1996-03-26,6,10,315,25.8,8.4,5.1,2.5,0.9,0.4,3902439,"26 years, 1 months, 1 days"
1630164.0,James Wiseman,Warriors,Center,213.36,108.86,USA,2001-03-31,1,2,39,21.4,11.5,5.8,0.7,0.3,0.9,9166800,"21 years, 0 months, 25 days"
1626174.0,Christian Wood,Rockets,Forward,210.31,97.07,USA,1995-09-27,6,Undrafted,222,23.6,14.2,7.3,1.3,0.6,0.9,13666667,"26 years, 7 months, 0 days"
1630218.0,Robert Woodard,Spurs,Forward,201.17,106.59,USA,1999-09-22,1,40,25,3.5,1.1,1.1,0.2,0.0,0.2,1517981,"22 years, 7 months, 4 days"
1626153.0,Delon Wright,Hawks,Guard,198.12,83.91,USA,1992-04-26,6,20,411,20.9,7.2,3.2,3.0,1.2,0.4,8526316,"30 years, 0 months, 1 days"
1630589.0,Moses Wright,Mavericks,Forward,207.26,102.51,USA,1998-12-23,0,Undrafted,4,3.7,1.3,0.8,0.5,0.0,0.3,0,"23 years, 4 months, 3 days"
201152.0,Thaddeus Young,Raptors,Forward,207.26,106.59,USA,1988-06-21,14,12,1085,29.3,12.8,5.8,1.8,1.4,0.4,14190000,"33 years, 10 months, 7 days"
1629027.0,Trae Young,Hawks,Guard,185.93,74.39,USA,1998-09-19,3,5,280,33.6,25.3,3.9,9.1,0.9,0.2,8326471,"23 years, 7 months, 6 days"
1630209.0,Omer Yurtseven,Heat,Center,186.23,124.74,Turkey,1998-06-19,1,Undrafted,56,12.6,5.3,5.3,0.9,0.3,0.4,1489065,"23 years, 10 months, 7 days"
1627826.0,Ivica Zubac,Clippers,Center,213.36,108.86,Croatia,1997-03-18,5,32,360,19.0,8.3,6.5,1.1,0.3,0.8,7518518,"25 years, 1 months, 9 days"
